"provider_id","sku","timestamp","provider_transaction_id"
"apple","com.fitbit.external.prod.monthly.premium","2019-12-11T11:31:18Z","570000436920694"
"apple","com.fitbit.external.prod.monthly.premium","2019-12-18T06:56:09Z","570000439127522"
"apple","com.fitbit.external.prod.monthly.premium","2020-01-18T11:39:47Z","570000450217357"
"apple","com.fitbit.external.prod.monthly.premium","2020-02-18T11:40:01Z","570000462958197"
"apple","com.fitbit.external.prod.monthly.premium","2020-03-18T10:36:04Z","570000475009911"
"apple","com.fitbit.external.prod.monthly.premium","2020-04-18T04:17:39Z","570000488161301"
"apple","com.fitbit.external.prod.monthly.premium","2020-05-18T10:47:26Z","570000501548523"
"apple","com.fitbit.external.prod.monthly.premium","2020-06-18T10:45:23Z","570000514926517"
"apple","com.fitbit.external.prod.monthly.premium","2020-07-18T10:38:14Z","570000528371568"
"apple","com.fitbit.external.prod.monthly.premium","2020-08-18T10:32:32Z","570000542934605"
"apple","com.fitbit.external.prod.monthly.premium","2020-09-18T10:35:28Z","570000557364663"
"apple","com.fitbit.external.prod.monthly.premium","2020-10-18T10:40:27Z","570000571769278"
"apple","com.fitbit.external.prod.monthly.premium","2020-11-18T11:39:13Z","570000586537802"
"apple","com.fitbit.external.prod.monthly.premium","2021-01-29T15:45:58Z","570000627121711"
"apple","com.fitbit.external.prod.monthly.premium","2021-02-28T15:03:15Z","570000646925919"
"apple","com.fitbit.external.prod.monthly.premium","2021-03-30T12:36:32Z","570000665616549"
"apple","com.fitbit.external.prod.monthly.premium","2021-04-30T04:38:36Z","570000682945210"
"apple","com.fitbit.external.prod.monthly.premium","2021-05-30T04:35:01Z","570000700223853"
"apple","fitbit.annual.premium_ft6m_13","2026-02-10T23:32:01Z","570002437187409"
