user_id,tracker_id,mobile_app_name,is_app_enabled,show_partial_message,is_default_message_app,created_on,modified_on
121142139,3038109817,com.ubercab.UberClient,false,false,false,2026-02-10T23:39:06.000Z,2026-02-10T23:39:06.000Z
121142139,3038109817,com.grubhub.search,false,false,false,2026-02-10T23:39:06.000Z,2026-02-10T23:39:06.000Z
121142139,3038109817,com.patreon.iphone,false,false,false,2026-02-10T23:39:05.000Z,2026-02-10T23:39:05.000Z
121142139,3038109817,com.reddit.Reddit,false,false,false,2026-02-10T23:39:05.000Z,2026-02-10T23:39:05.000Z
121142139,3038109817,com.etsy.etsyforios,false,false,false,2026-02-10T23:39:06.000Z,2026-02-10T23:39:06.000Z
121142139,3038109817,com.dominos.iphone,false,false,false,2026-02-10T23:39:06.000Z,2026-02-10T23:39:06.000Z
121142139,3038109817,com.hammerandchisel.discord,false,false,false,2026-02-10T23:39:06.000Z,2026-02-10T23:39:06.000Z
121142139,3038109817,com.readdle.PDFExpert5,false,false,false,2026-02-10T23:39:06.000Z,2026-02-10T23:39:06.000Z
121142139,3038109817,com.dreamit.lottoCom,false,false,false,2026-02-10T23:39:05.000Z,2026-02-10T23:39:05.000Z
