name,objectives,schedule,status,update_time,meta,title,subtitle,rationale,domain,progress_start_time,progress_end_time,progress
body-fat-percentage,"MEASURE: body-fat-percentage, TARGET: <UNKNOWN>",ON_EDIT,ENABLED,2019-12-01 21:17:33+0000,,,,,GOALS,,,
daily-active-hours,"MEASURE: active-hours, TARGET: AT_LEAST(14)",<UNKNOWN>,ENABLED,2026-02-10 23:40:10+0000,,,,,GOALS,,,
daily-active-minutes,"MEASURE: active-minutes, TARGET: AT_LEAST(30)",DAILY,ENABLED,2019-11-29 19:04:55+0000,,,,,GOALS,,,
daily-azm,"MEASURE: active-zone-minutes, TARGET: AT_LEAST(60)",DAILY,ENABLED,2026-02-10 23:43:11+0000,,,,,GOALS,,,
daily-azm,"MEASURE: active-zone-minutes, TARGET: AT_LEAST(80)",DAILY,ENABLED,2026-02-10 23:42:36+0000,,,,,GOALS,,,
daily-bedtime,"MEASURE: bedtime, TARGET: <UNKNOWN>",DAILY,DISABLED,2019-11-29 19:04:55+0000,,,,,GOALS,,,
daily-bedtime,"MEASURE: bedtime, TARGET: <UNKNOWN>",DAILY,ENABLED,2026-02-10 23:41:13+0000,,,,,GOALS,,,
daily-distance,"MEASURE: steps-distance, TARGET: AT_LEAST(8046720)",DAILY,ENABLED,2019-11-29 19:04:55+0000,,,,,GOALS,,,
daily-energy-burned,"MEASURE: energy-burned, TARGET: AT_LEAST(2500)",DAILY,ENABLED,2026-02-10 23:44:45+0000,,,,,GOALS,,,
daily-energy-burned,"MEASURE: energy-burned, TARGET: AT_LEAST(2739)",DAILY,ENABLED,2019-11-29 19:04:55+0000,,,,,GOALS,,,
daily-energy-consumed,"MEASURE: energy-consumed-calories, TARGET: <UNKNOWN>",DAILY,ENABLED,2026-02-10 23:37:17+0000,,,,,GOALS,,,
daily-floors,"MEASURE: floors-count, TARGET: AT_LEAST(10)",DAILY,ENABLED,2019-11-29 19:04:55+0000,,,,,GOALS,,,
daily-sleep-duration,"MEASURE: sleep-duration, TARGET: AT_LEAST(28800)",DAILY,ENABLED,2019-11-29 19:04:55+0000,,,,,GOALS,,,
daily-steps,"MEASURE: steps-count, TARGET: AT_LEAST(10000)",DAILY,ENABLED,2019-11-29 19:04:55+0000,,,,,GOALS,,,
daily-steps,"MEASURE: steps-count, TARGET: AT_LEAST(8000)",DAILY,ENABLED,2026-02-10 23:43:37+0000,,,,,GOALS,,,
daily-wake-time,"MEASURE: wake-time, TARGET: <UNKNOWN>",DAILY,DISABLED,2019-11-29 19:04:55+0000,,,,,GOALS,,,
daily-wake-time,"MEASURE: wake-time, TARGET: <UNKNOWN>",DAILY,ENABLED,2026-02-10 23:40:54+0000,,,,,GOALS,,,
daily-water-consumed,"MEASURE: water-consumed-ml, TARGET: AT_LEAST(1893)",DAILY,ENABLED,2019-11-29 19:04:55+0000,,,,,GOALS,,,
daily-water-consumed,"MEASURE: water-consumed-ml, TARGET: AT_LEAST(2957)",DAILY,ENABLED,2026-02-10 23:37:41+0000,,,,,GOALS,,,
weekly-distance,"MEASURE: steps-distance, TARGET: AT_LEAST(56327040)",DAILY,ENABLED,2019-11-29 19:04:55+0000,,,,,GOALS,,,
weekly-energy-burned,"MEASURE: energy-burned, TARGET: AT_LEAST(19173)",WEEKLY,ENABLED,2019-11-29 19:04:55+0000,,,,,GOALS,,,
weekly-exercise-days,"MEASURE: EXERCISE_DAYS, TARGET: AT_LEAST(3)",WEEKLY,ENABLED,1970-01-01 00:00:00+0000,,,,,GOALS,,,
weekly-exercise-days,"MEASURE: EXERCISE_DAYS, TARGET: AT_LEAST(5)",WEEKLY,ENABLED,2019-11-29 05:00:00+0000,,,,,GOALS,,,
weekly-exercise-days,"MEASURE: EXERCISE_DAYS, TARGET: AT_LEAST(6)",WEEKLY,ENABLED,2026-02-10 23:38:09+0000,,,,,GOALS,,,
weekly-floors,"MEASURE: floors-count, TARGET: AT_LEAST(70)",WEEKLY,ENABLED,2019-11-29 19:04:55+0000,,,,,GOALS,,,
weekly-steps,"MEASURE: steps-count, TARGET: AT_LEAST(70000)",WEEKLY,ENABLED,2019-11-29 19:04:55+0000,,,,,GOALS,,,
weight,"MEASURE: weight, TARGET: AT_LEAST(90718)",ON_EDIT,ENABLED,2026-02-10 23:36:55+0000,,,,,GOALS,,,
weight,"MEASURE: weight, TARGET: AT_MOST(61235)",ON_EDIT,ENABLED,2019-12-01 21:17:28+0000,,,,,GOALS,,,
