exercise_id,exercise_start,exercise_end,utc_offset,exercise_created,exercise_last_updated,activity_name,log_type,pool_length,pool_length_unit,intervals,distance_units,tracker_total_calories,tracker_total_steps,tracker_total_distance_mm,tracker_total_altitude_mm,tracker_avg_heart_rate,tracker_peak_heart_rate,tracker_avg_pace_mm_per_second,tracker_avg_speed_mm_per_second,tracker_peak_speed_mm_per_second,tracker_auto_stride_run_mm,tracker_auto_stride_walk_mm,tracker_swim_lengths,tracker_pool_length,tracker_pool_length_unit,tracker_cardio_load,manually_logged_total_calories,manually_logged_total_steps,manually_logged_total_distance_mm,manually_logged_pool_length,manually_logged_pool_length_unit,events,activity_type_probabilities,autodetected_confirmed,autodetected_start_timestamp,autodetected_end_timestamp,autodetected_utc_offset,autodetected_activity_name,autodetected_sensor_based_activity_name,deletion_reason,activity_label,suggested_start_timestamp,suggested_end_timestamp,reconciliation_status
1023624618113256616,2019-12-23 21:11:34+0000,2019-12-23 21:33:46+0000,-05:00,2019-12-24 00:57:47+0000,2019-12-24 00:57:47+0000,Outdoor Walk,AUTO_DETECTED,0,UNSPECIFIED,,,,,,,,,,,,,,,,,,,,,,,,,,,,,,,UNSPECIFIED,,,,
1266008299119540944,2020-05-29 09:30:20+0000,2020-05-29 10:01:03+0000,-04:00,2020-06-03 19:03:14+0000,2020-06-03 19:03:14+0000,Aerobic Workout,AUTO_DETECTED,0,UNSPECIFIED,,,,,,,,,,,,,,,,,,,,,,,,,,,,,,,UNSPECIFIED,,,,
1357234381062857552,2020-06-01 09:31:13+0000,2020-06-01 10:01:56+0000,-04:00,2020-06-03 19:03:15+0000,2020-06-03 19:03:15+0000,Aerobic Workout,AUTO_DETECTED,0,UNSPECIFIED,,,,,,,,,,,,,,,,,,,,,,,,,,,,,,,UNSPECIFIED,,,,
1543280753831360936,2020-01-21 12:10:31+0000,2020-01-21 12:33:33+0000,-05:00,2020-01-22 12:55:25+0000,2020-01-22 12:55:25+0000,Outdoor Walk,AUTO_DETECTED,0,UNSPECIFIED,,,,,,,,,,,,,,,,,,,,,,,,,,,,,,,UNSPECIFIED,,,,
1907143789912720624,2020-05-31 12:21:28+0000,2020-05-31 12:51:20+0000,-04:00,2020-06-03 19:03:15+0000,2020-06-03 19:03:15+0000,Outdoor Walk,AUTO_DETECTED,0,UNSPECIFIED,,,,,,,,,,,,,,,,,,,,,,,,,,,,,,,UNSPECIFIED,,,,
2312226234076511432,2020-05-27 21:16:13+0000,2020-05-27 21:44:23+0000,-04:00,2020-06-03 19:03:14+0000,2020-06-03 19:03:14+0000,Outdoor Walk,AUTO_DETECTED,0,UNSPECIFIED,,,,,,,,,,,,,,,,,,,,,,,,,,,,,,,UNSPECIFIED,,,,
2581414938815684744,2020-06-25 22:27:36+0000,2020-06-25 22:57:28+0000,-04:00,2020-06-25 23:37:42+0000,2020-06-25 23:37:42+0000,Outdoor Walk,AUTO_DETECTED,0,UNSPECIFIED,,,,,,,,,,,,,,,,,,,,,,,,,,,,,,,UNSPECIFIED,,,,
2720132624084819352,2020-01-10 20:52:44+0000,2020-01-10 21:15:46+0000,-05:00,2020-01-11 10:12:31+0000,2020-01-11 10:12:31+0000,Outdoor Walk,AUTO_DETECTED,0,UNSPECIFIED,,,,,,,,,,,,,,,,,,,,,,,,,,,,,,,UNSPECIFIED,,,,
2731912535032827056,2019-12-22 00:15:48+0000,2019-12-22 00:46:31+0000,-05:00,2019-12-22 01:54:36+0000,2019-12-22 01:54:36+0000,Outdoor Walk,AUTO_DETECTED,0,UNSPECIFIED,,,,,,,,,,,,,,,,,,,,,,,,,,,,,,,UNSPECIFIED,,,,
3342868881323754424,2019-12-16 13:39:23+0000,2019-12-16 14:02:26+0000,-05:00,2019-12-16 15:50:15+0000,2019-12-16 15:50:15+0000,Outdoor Walk,AUTO_DETECTED,0,UNSPECIFIED,,,,,,,,,,,,,,,,,,,,,,,,,,,,,,,UNSPECIFIED,,,,
3353312910186751720,2019-12-15 04:57:36+0000,2019-12-15 05:15:31+0000,-05:00,2019-12-15 12:19:53+0000,2019-12-15 12:19:53+0000,Outdoor Walk,AUTO_DETECTED,0,UNSPECIFIED,,,,,,,,,,,,,,,,,,,,,,,,,,,,,,,UNSPECIFIED,,,,
3865552120873798720,2019-12-04 23:50:02+0000,2019-12-05 00:48:56+0000,-05:00,2019-12-09 15:02:47+0000,2019-12-09 15:02:47+0000,Aerobic Workout,AUTO_DETECTED,0,UNSPECIFIED,,,,,,,,,,,,,,,,,,,,,,,,,,,,,,,UNSPECIFIED,,,,
413473212395943272,2020-05-13 20:42:23+0000,2020-05-13 20:57:45+0000,-04:00,2020-05-13 21:15:59+0000,2020-05-13 21:15:59+0000,Outdoor Walk,AUTO_DETECTED,0,UNSPECIFIED,,,,,,,,,,,,,,,,,,,,,,,,,,,,,,,UNSPECIFIED,,,,
4552346518045085576,2020-04-29 10:49:57+0000,2020-04-29 11:11:17+0000,-04:00,2020-04-29 11:20:23+0000,2020-04-29 11:20:23+0000,Outdoor Walk,AUTO_DETECTED,0,UNSPECIFIED,,,,,,,,,,,,,,,,,,,,,,,,,,,,,,,UNSPECIFIED,,,,
5185972644253587344,2020-04-28 11:17:26+0000,2020-04-28 11:40:35+0000,-04:00,2020-04-28 11:56:41+0000,2020-04-28 11:56:41+0000,Aerobic Workout,AUTO_DETECTED,0,UNSPECIFIED,,,,,,,,,,,,,,,,,,,,,,,,,,,,,,,UNSPECIFIED,,,,
5214742144993953992,2020-06-26 19:29:42+0000,2020-06-26 20:10:39+0000,-04:00,2020-06-26 20:23:14+0000,2020-06-26 20:23:14+0000,Outdoor Walk,AUTO_DETECTED,0,UNSPECIFIED,,,,,,,,,,,,,,,,,,,,,,,,,,,,,,,UNSPECIFIED,,,,
5269169101107017936,2020-01-24 17:08:21+0000,2020-01-24 17:39:05+0000,-05:00,2020-01-25 10:45:24+0000,2020-01-25 10:45:24+0000,Outdoor Walk,AUTO_DETECTED,0,UNSPECIFIED,,,,,,,,,,,,,,,,,,,,,,,,,,,,,,,UNSPECIFIED,,,,
5358588445117427448,2020-03-02 21:32:04+0000,2020-03-02 21:59:22+0000,-05:00,2020-03-04 16:57:37+0000,2020-03-04 16:57:37+0000,Outdoor Walk,AUTO_DETECTED,0,UNSPECIFIED,,,,,,,,,,,,,,,,,,,,,,,,,,,,,,,UNSPECIFIED,,,,
5421635378898687792,2019-11-29 12:15:00+0000,2019-11-29 12:45:00+0000,+00:00,2019-11-29 19:10:49+0000,2019-11-29 19:10:49+0000,Trampoline,MANUAL,0,UNSPECIFIED,,,,,,,,,,,,,,,,,,0,0,0,0,UNSPECIFIED,,,,,,,,,UNSPECIFIED,,,,
5469805306769822448,2020-02-29 20:28:54+0000,2020-02-29 20:44:16+0000,-05:00,2020-03-04 16:57:37+0000,2020-03-04 16:57:37+0000,Outdoor Walk,AUTO_DETECTED,0,UNSPECIFIED,,,,,,,,,,,,,,,,,,,,,,,,,,,,,,,UNSPECIFIED,,,,
5673442107440332552,2020-01-07 12:09:16+0000,2020-01-07 12:31:27+0000,-05:00,2020-01-09 03:31:01+0000,2020-01-09 03:31:01+0000,Outdoor Walk,AUTO_DETECTED,0,UNSPECIFIED,,,,,,,,,,,,,,,,,,,,,,,,,,,,,,,UNSPECIFIED,,,,
5804341461977365288,2020-01-08 12:52:55+0000,2020-01-08 13:20:14+0000,-05:00,2020-01-09 03:31:02+0000,2020-01-09 03:31:02+0000,Outdoor Walk,AUTO_DETECTED,0,UNSPECIFIED,,,,,,,,,,,,,,,,,,,,,,,,,,,,,,,UNSPECIFIED,,,,
6365308649110181272,2019-12-10 00:04:19+0000,2019-12-10 00:35:03+0000,-05:00,2019-12-10 00:46:39+0000,2019-12-10 00:46:39+0000,Outdoor Walk,AUTO_DETECTED,0,UNSPECIFIED,,,,,,,,,,,,,,,,,,,,,,,,,,,,,,,UNSPECIFIED,,,,
6594201165910724920,2020-03-16 21:40:23+0000,2020-03-16 22:11:58+0000,-04:00,2020-03-17 20:55:53+0000,2020-03-17 20:55:53+0000,Aerobic Workout,AUTO_DETECTED,0,UNSPECIFIED,,,,,,,,,,,,,,,,,,,,,,,,,,,,,,,UNSPECIFIED,,,,
6962935425685703176,2020-04-13 21:41:21+0000,2020-04-13 22:12:04+0000,-04:00,2020-04-13 23:08:37+0000,2020-04-13 23:08:37+0000,Outdoor Walk,AUTO_DETECTED,0,UNSPECIFIED,,,,,,,,,,,,,,,,,,,,,,,,,,,,,,,UNSPECIFIED,,,,
7207210051899583592,2020-02-03 02:56:48+0000,2020-02-03 03:23:15+0000,-05:00,2020-02-04 03:09:58+0000,2020-02-04 03:09:58+0000,Outdoor Walk,AUTO_DETECTED,0,UNSPECIFIED,,,,,,,,,,,,,,,,,,,,,,,,,,,,,,,UNSPECIFIED,,,,
7518670523073002384,2019-12-02 14:29:14+0000,2019-12-02 14:56:34+0000,-05:00,2019-12-02 15:00:16+0000,2019-12-02 15:00:16+0000,Outdoor Walk,AUTO_DETECTED,0,UNSPECIFIED,,,,,,,,,,,,,,,,,,,,,,,,,,,,,,,UNSPECIFIED,,,,
7618743582080657872,2020-05-30 12:10:57+0000,2020-05-30 12:41:40+0000,-04:00,2020-06-03 19:03:15+0000,2020-06-03 19:03:15+0000,Outdoor Walk,AUTO_DETECTED,0,UNSPECIFIED,,,,,,,,,,,,,,,,,,,,,,,,,,,,,,,UNSPECIFIED,,,,
7654108039299149160,2020-01-23 23:48:12+0000,2020-01-24 00:06:07+0000,-05:00,2020-01-24 11:30:27+0000,2020-01-24 11:30:27+0000,Outdoor Bike,AUTO_DETECTED,0,UNSPECIFIED,,,,,,,,,,,,,,,,,,,,,,,,,,,,,,,UNSPECIFIED,,,,
8339904840075797120,2020-06-01 22:34:35+0000,2020-06-01 22:59:19+0000,-04:00,2020-06-03 19:03:15+0000,2020-06-03 19:03:15+0000,Outdoor Walk,AUTO_DETECTED,0,UNSPECIFIED,,,,,,,,,,,,,,,,,,,,,,,,,,,,,,,UNSPECIFIED,,,,
8357985702090462992,2020-01-29 22:18:33+0000,2020-01-29 22:51:50+0000,-05:00,2020-02-04 03:09:58+0000,2020-02-04 03:09:58+0000,Outdoor Walk,AUTO_DETECTED,0,UNSPECIFIED,,,,,,,,,,,,,,,,,,,,,,,,,,,,,,,UNSPECIFIED,,,,
9134914930821422840,2020-03-17 20:35:59+0000,2020-03-17 20:56:12+0000,-04:00,2020-03-17 21:05:09+0000,2020-03-17 21:05:09+0000,Outdoor Walk,AUTO_DETECTED,0,UNSPECIFIED,,,,,,,,,,,,,,,,,,,,,,,,,,,,,,,UNSPECIFIED,,,,
945376168660215200,2020-06-24 22:25:26+0000,2020-06-24 22:48:29+0000,-04:00,2020-06-25 23:37:42+0000,2020-06-25 23:37:42+0000,Outdoor Walk,AUTO_DETECTED,0,UNSPECIFIED,,,,,,,,,,,,,,,,,,,,,,,,,,,,,,,UNSPECIFIED,,,,
