value_time,setting_name,setting_value
2025-10-09 15:43:04+0000,activity state,sedentary
2025-10-09 15:43:04+0000,auto run enabled,true
2025-10-09 15:43:04+0000,auto stride enabled,true
2025-10-09 15:43:04+0000,body constitution,regular
2025-10-09 15:43:04+0000,hr scaling sleep rest,"[2020-06-26] Current: 0.87, [2020-06-25] Previous: 0.87"
2025-10-09 15:43:04+0000,is nursing,false
2025-10-09 15:43:04+0000,pregnant state,not pregnant
2025-10-09 15:43:04+0000,sedentary prune time,2020-07-13T00:00:00.0Z
2025-10-09 15:43:04+0000,sleep proc algorithm,composite
2025-10-09 15:43:04+0000,stride length walking,0
2026-02-10 23:28:11+0000,stride length running,1110
2026-02-10 23:40:10+0000,inactivity alerts days,"monday, tuesday, wednesday, thursday, friday, saturday, sunday"
