[{
  "logId" : 28018670293,
  "dateOfSleep" : "2020-07-13",
  "startTime" : "2020-07-12T22:27:30.000",
  "endTime" : "2020-07-13T06:00:30.000",
  "duration" : 27180000,
  "minutesToFallAsleep" : 0,
  "minutesAsleep" : 419,
  "minutesAwake" : 34,
  "minutesAfterWakeup" : 0,
  "timeInBed" : 453,
  "efficiency" : 98,
  "type" : "stages",
  "infoCode" : 0,
  "logType" : "auto_detected",
  "levels" : {
    "summary" : {
      "deep" : {
        "count" : 5,
        "minutes" : 55,
        "thirtyDayAvgMinutes" : 53
      },
      "wake" : {
        "count" : 22,
        "minutes" : 34,
        "thirtyDayAvgMinutes" : 52
      },
      "light" : {
        "count" : 21,
        "minutes" : 240,
        "thirtyDayAvgMinutes" : 257
      },
      "rem" : {
        "count" : 10,
        "minutes" : 124,
        "thirtyDayAvgMinutes" : 102
      }
    },
    "data" : [{
      "dateTime" : "2020-07-12T22:27:30.000",
      "level" : "light",
      "seconds" : 1260
    },{
      "dateTime" : "2020-07-12T22:48:30.000",
      "level" : "deep",
      "seconds" : 1470
    },{
      "dateTime" : "2020-07-12T23:13:00.000",
      "level" : "light",
      "seconds" : 3840
    },{
      "dateTime" : "2020-07-13T00:17:00.000",
      "level" : "deep",
      "seconds" : 330
    },{
      "dateTime" : "2020-07-13T00:22:30.000",
      "level" : "light",
      "seconds" : 570
    },{
      "dateTime" : "2020-07-13T00:32:00.000",
      "level" : "rem",
      "seconds" : 720
    },{
      "dateTime" : "2020-07-13T00:44:00.000",
      "level" : "light",
      "seconds" : 1200
    },{
      "dateTime" : "2020-07-13T01:04:00.000",
      "level" : "deep",
      "seconds" : 870
    },{
      "dateTime" : "2020-07-13T01:18:30.000",
      "level" : "light",
      "seconds" : 1920
    },{
      "dateTime" : "2020-07-13T01:50:30.000",
      "level" : "rem",
      "seconds" : 450
    },{
      "dateTime" : "2020-07-13T01:58:00.000",
      "level" : "light",
      "seconds" : 180
    },{
      "dateTime" : "2020-07-13T02:01:00.000",
      "level" : "rem",
      "seconds" : 3300
    },{
      "dateTime" : "2020-07-13T02:56:00.000",
      "level" : "light",
      "seconds" : 1410
    },{
      "dateTime" : "2020-07-13T03:19:30.000",
      "level" : "deep",
      "seconds" : 270
    },{
      "dateTime" : "2020-07-13T03:24:00.000",
      "level" : "light",
      "seconds" : 330
    },{
      "dateTime" : "2020-07-13T03:29:30.000",
      "level" : "wake",
      "seconds" : 270
    },{
      "dateTime" : "2020-07-13T03:34:00.000",
      "level" : "light",
      "seconds" : 1110
    },{
      "dateTime" : "2020-07-13T03:52:30.000",
      "level" : "deep",
      "seconds" : 330
    },{
      "dateTime" : "2020-07-13T03:58:00.000",
      "level" : "light",
      "seconds" : 540
    },{
      "dateTime" : "2020-07-13T04:07:00.000",
      "level" : "rem",
      "seconds" : 2130
    },{
      "dateTime" : "2020-07-13T04:42:30.000",
      "level" : "light",
      "seconds" : 30
    },{
      "dateTime" : "2020-07-13T04:43:00.000",
      "level" : "wake",
      "seconds" : 270
    },{
      "dateTime" : "2020-07-13T04:47:30.000",
      "level" : "light",
      "seconds" : 2220
    },{
      "dateTime" : "2020-07-13T05:24:30.000",
      "level" : "wake",
      "seconds" : 390
    },{
      "dateTime" : "2020-07-13T05:31:00.000",
      "level" : "light",
      "seconds" : 660
    },{
      "dateTime" : "2020-07-13T05:42:00.000",
      "level" : "rem",
      "seconds" : 1110
    }],
    "shortData" : [{
      "dateTime" : "2020-07-12T22:44:00.000",
      "level" : "wake",
      "seconds" : 30
    },{
      "dateTime" : "2020-07-12T23:13:00.000",
      "level" : "wake",
      "seconds" : 60
    },{
      "dateTime" : "2020-07-13T00:09:00.000",
      "level" : "wake",
      "seconds" : 30
    },{
      "dateTime" : "2020-07-13T00:26:30.000",
      "level" : "wake",
      "seconds" : 150
    },{
      "dateTime" : "2020-07-13T00:39:30.000",
      "level" : "wake",
      "seconds" : 30
    },{
      "dateTime" : "2020-07-13T00:50:00.000",
      "level" : "wake",
      "seconds" : 60
    },{
      "dateTime" : "2020-07-13T00:54:00.000",
      "level" : "wake",
      "seconds" : 60
    },{
      "dateTime" : "2020-07-13T01:18:30.000",
      "level" : "wake",
      "seconds" : 30
    },{
      "dateTime" : "2020-07-13T01:35:00.000",
      "level" : "wake",
      "seconds" : 90
    },{
      "dateTime" : "2020-07-13T01:38:00.000",
      "level" : "wake",
      "seconds" : 60
    },{
      "dateTime" : "2020-07-13T01:57:00.000",
      "level" : "wake",
      "seconds" : 60
    },{
      "dateTime" : "2020-07-13T02:01:00.000",
      "level" : "wake",
      "seconds" : 60
    },{
      "dateTime" : "2020-07-13T02:05:30.000",
      "level" : "wake",
      "seconds" : 30
    },{
      "dateTime" : "2020-07-13T02:21:30.000",
      "level" : "wake",
      "seconds" : 30
    },{
      "dateTime" : "2020-07-13T03:58:00.000",
      "level" : "wake",
      "seconds" : 30
    },{
      "dateTime" : "2020-07-13T04:04:30.000",
      "level" : "wake",
      "seconds" : 150
    },{
      "dateTime" : "2020-07-13T04:12:30.000",
      "level" : "wake",
      "seconds" : 30
    },{
      "dateTime" : "2020-07-13T04:38:00.000",
      "level" : "wake",
      "seconds" : 30
    },{
      "dateTime" : "2020-07-13T05:33:30.000",
      "level" : "wake",
      "seconds" : 90
    }]
  },
  "mainSleep" : true
},{
  "logId" : 28018670292,
  "dateOfSleep" : "2020-07-12",
  "startTime" : "2020-07-12T11:25:00.000",
  "endTime" : "2020-07-12T12:32:00.000",
  "duration" : 4020000,
  "minutesToFallAsleep" : 0,
  "minutesAsleep" : 62,
  "minutesAwake" : 1,
  "minutesAfterWakeup" : 4,
  "timeInBed" : 67,
  "efficiency" : 98,
  "type" : "classic",
  "infoCode" : 2,
  "logType" : "auto_detected",
  "levels" : {
    "summary" : {
      "restless" : {
        "count" : 2,
        "minutes" : 5
      },
      "awake" : {
        "count" : 0,
        "minutes" : 0
      },
      "asleep" : {
        "count" : 0,
        "minutes" : 62
      }
    },
    "data" : [{
      "dateTime" : "2020-07-12T11:25:00.000",
      "level" : "asleep",
      "seconds" : 960
    },{
      "dateTime" : "2020-07-12T11:41:00.000",
      "level" : "restless",
      "seconds" : 60
    },{
      "dateTime" : "2020-07-12T11:42:00.000",
      "level" : "asleep",
      "seconds" : 2760
    },{
      "dateTime" : "2020-07-12T12:28:00.000",
      "level" : "restless",
      "seconds" : 240
    }]
  },
  "mainSleep" : false
},{
  "logId" : 28018670291,
  "dateOfSleep" : "2020-07-12",
  "startTime" : "2020-07-11T22:25:30.000",
  "endTime" : "2020-07-12T07:19:00.000",
  "duration" : 31980000,
  "minutesToFallAsleep" : 0,
  "minutesAsleep" : 470,
  "minutesAwake" : 63,
  "minutesAfterWakeup" : 0,
  "timeInBed" : 533,
  "efficiency" : 95,
  "type" : "stages",
  "infoCode" : 0,
  "logType" : "auto_detected",
  "levels" : {
    "summary" : {
      "deep" : {
        "count" : 7,
        "minutes" : 49,
        "thirtyDayAvgMinutes" : 54
      },
      "wake" : {
        "count" : 31,
        "minutes" : 63,
        "thirtyDayAvgMinutes" : 50
      },
      "light" : {
        "count" : 37,
        "minutes" : 316,
        "thirtyDayAvgMinutes" : 248
      },
      "rem" : {
        "count" : 9,
        "minutes" : 105,
        "thirtyDayAvgMinutes" : 102
      }
    },
    "data" : [{
      "dateTime" : "2020-07-11T22:25:30.000",
      "level" : "wake",
      "seconds" : 270
    },{
      "dateTime" : "2020-07-11T22:30:00.000",
      "level" : "light",
      "seconds" : 1830
    },{
      "dateTime" : "2020-07-11T23:00:30.000",
      "level" : "deep",
      "seconds" : 390
    },{
      "dateTime" : "2020-07-11T23:07:00.000",
      "level" : "light",
      "seconds" : 1590
    },{
      "dateTime" : "2020-07-11T23:33:30.000",
      "level" : "rem",
      "seconds" : 780
    },{
      "dateTime" : "2020-07-11T23:46:30.000",
      "level" : "light",
      "seconds" : 420
    },{
      "dateTime" : "2020-07-11T23:53:30.000",
      "level" : "deep",
      "seconds" : 300
    },{
      "dateTime" : "2020-07-11T23:58:30.000",
      "level" : "light",
      "seconds" : 480
    },{
      "dateTime" : "2020-07-12T00:06:30.000",
      "level" : "deep",
      "seconds" : 690
    },{
      "dateTime" : "2020-07-12T00:18:00.000",
      "level" : "light",
      "seconds" : 2550
    },{
      "dateTime" : "2020-07-12T01:00:30.000",
      "level" : "rem",
      "seconds" : 1020
    },{
      "dateTime" : "2020-07-12T01:17:30.000",
      "level" : "light",
      "seconds" : 300
    },{
      "dateTime" : "2020-07-12T01:22:30.000",
      "level" : "deep",
      "seconds" : 540
    },{
      "dateTime" : "2020-07-12T01:31:30.000",
      "level" : "light",
      "seconds" : 2670
    },{
      "dateTime" : "2020-07-12T02:16:00.000",
      "level" : "deep",
      "seconds" : 420
    },{
      "dateTime" : "2020-07-12T02:23:00.000",
      "level" : "light",
      "seconds" : 240
    },{
      "dateTime" : "2020-07-12T02:27:00.000",
      "level" : "wake",
      "seconds" : 210
    },{
      "dateTime" : "2020-07-12T02:30:30.000",
      "level" : "light",
      "seconds" : 30
    },{
      "dateTime" : "2020-07-12T02:31:00.000",
      "level" : "rem",
      "seconds" : 1290
    },{
      "dateTime" : "2020-07-12T02:52:30.000",
      "level" : "light",
      "seconds" : 240
    },{
      "dateTime" : "2020-07-12T02:56:30.000",
      "level" : "wake",
      "seconds" : 1470
    },{
      "dateTime" : "2020-07-12T03:21:00.000",
      "level" : "light",
      "seconds" : 1410
    },{
      "dateTime" : "2020-07-12T03:44:30.000",
      "level" : "deep",
      "seconds" : 300
    },{
      "dateTime" : "2020-07-12T03:49:30.000",
      "level" : "light",
      "seconds" : 1260
    },{
      "dateTime" : "2020-07-12T04:10:30.000",
      "level" : "rem",
      "seconds" : 1650
    },{
      "dateTime" : "2020-07-12T04:38:00.000",
      "level" : "light",
      "seconds" : 630
    },{
      "dateTime" : "2020-07-12T04:48:30.000",
      "level" : "rem",
      "seconds" : 330
    },{
      "dateTime" : "2020-07-12T04:54:00.000",
      "level" : "light",
      "seconds" : 2520
    },{
      "dateTime" : "2020-07-12T05:36:00.000",
      "level" : "deep",
      "seconds" : 330
    },{
      "dateTime" : "2020-07-12T05:41:30.000",
      "level" : "wake",
      "seconds" : 330
    },{
      "dateTime" : "2020-07-12T05:47:00.000",
      "level" : "light",
      "seconds" : 690
    },{
      "dateTime" : "2020-07-12T05:58:30.000",
      "level" : "rem",
      "seconds" : 750
    },{
      "dateTime" : "2020-07-12T06:11:00.000",
      "level" : "light",
      "seconds" : 3390
    },{
      "dateTime" : "2020-07-12T07:07:30.000",
      "level" : "rem",
      "seconds" : 690
    }],
    "shortData" : [{
      "dateTime" : "2020-07-11T22:37:00.000",
      "level" : "wake",
      "seconds" : 30
    },{
      "dateTime" : "2020-07-11T22:46:00.000",
      "level" : "wake",
      "seconds" : 150
    },{
      "dateTime" : "2020-07-11T23:06:30.000",
      "level" : "wake",
      "seconds" : 30
    },{
      "dateTime" : "2020-07-11T23:11:30.000",
      "level" : "wake",
      "seconds" : 30
    },{
      "dateTime" : "2020-07-11T23:15:00.000",
      "level" : "wake",
      "seconds" : 150
    },{
      "dateTime" : "2020-07-11T23:19:00.000",
      "level" : "wake",
      "seconds" : 30
    },{
      "dateTime" : "2020-07-11T23:25:00.000",
      "level" : "wake",
      "seconds" : 30
    },{
      "dateTime" : "2020-07-11T23:58:30.000",
      "level" : "wake",
      "seconds" : 30
    },{
      "dateTime" : "2020-07-12T00:22:00.000",
      "level" : "wake",
      "seconds" : 150
    },{
      "dateTime" : "2020-07-12T00:55:00.000",
      "level" : "wake",
      "seconds" : 30
    },{
      "dateTime" : "2020-07-12T01:31:30.000",
      "level" : "wake",
      "seconds" : 30
    },{
      "dateTime" : "2020-07-12T02:23:30.000",
      "level" : "wake",
      "seconds" : 90
    },{
      "dateTime" : "2020-07-12T02:40:30.000",
      "level" : "wake",
      "seconds" : 30
    },{
      "dateTime" : "2020-07-12T03:25:00.000",
      "level" : "wake",
      "seconds" : 30
    },{
      "dateTime" : "2020-07-12T03:31:00.000",
      "level" : "wake",
      "seconds" : 60
    },{
      "dateTime" : "2020-07-12T04:31:00.000",
      "level" : "wake",
      "seconds" : 30
    },{
      "dateTime" : "2020-07-12T04:39:00.000",
      "level" : "wake",
      "seconds" : 90
    },{
      "dateTime" : "2020-07-12T04:42:00.000",
      "level" : "wake",
      "seconds" : 30
    },{
      "dateTime" : "2020-07-12T04:47:00.000",
      "level" : "wake",
      "seconds" : 60
    },{
      "dateTime" : "2020-07-12T04:54:30.000",
      "level" : "wake",
      "seconds" : 30
    },{
      "dateTime" : "2020-07-12T05:18:00.000",
      "level" : "wake",
      "seconds" : 30
    },{
      "dateTime" : "2020-07-12T05:50:30.000",
      "level" : "wake",
      "seconds" : 30
    },{
      "dateTime" : "2020-07-12T06:09:00.000",
      "level" : "wake",
      "seconds" : 120
    },{
      "dateTime" : "2020-07-12T06:16:00.000",
      "level" : "wake",
      "seconds" : 30
    },{
      "dateTime" : "2020-07-12T06:20:00.000",
      "level" : "wake",
      "seconds" : 30
    },{
      "dateTime" : "2020-07-12T06:25:00.000",
      "level" : "wake",
      "seconds" : 90
    },{
      "dateTime" : "2020-07-12T06:30:00.000",
      "level" : "wake",
      "seconds" : 60
    }]
  },
  "mainSleep" : true
},{
  "logId" : 28018670290,
  "dateOfSleep" : "2020-07-10",
  "startTime" : "2020-07-09T22:36:00.000",
  "endTime" : "2020-07-10T05:50:00.000",
  "duration" : 26040000,
  "minutesToFallAsleep" : 0,
  "minutesAsleep" : 386,
  "minutesAwake" : 48,
  "minutesAfterWakeup" : 1,
  "timeInBed" : 434,
  "efficiency" : 94,
  "type" : "stages",
  "infoCode" : 0,
  "logType" : "auto_detected",
  "levels" : {
    "summary" : {
      "deep" : {
        "count" : 4,
        "minutes" : 55,
        "thirtyDayAvgMinutes" : 53
      },
      "wake" : {
        "count" : 36,
        "minutes" : 48,
        "thirtyDayAvgMinutes" : 50
      },
      "light" : {
        "count" : 38,
        "minutes" : 235,
        "thirtyDayAvgMinutes" : 250
      },
      "rem" : {
        "count" : 12,
        "minutes" : 96,
        "thirtyDayAvgMinutes" : 103
      }
    },
    "data" : [{
      "dateTime" : "2020-07-09T22:36:00.000",
      "level" : "light",
      "seconds" : 300
    },{
      "dateTime" : "2020-07-09T22:41:00.000",
      "level" : "wake",
      "seconds" : 480
    },{
      "dateTime" : "2020-07-09T22:49:00.000",
      "level" : "light",
      "seconds" : 2580
    },{
      "dateTime" : "2020-07-09T23:32:00.000",
      "level" : "wake",
      "seconds" : 300
    },{
      "dateTime" : "2020-07-09T23:37:00.000",
      "level" : "light",
      "seconds" : 180
    },{
      "dateTime" : "2020-07-09T23:40:00.000",
      "level" : "deep",
      "seconds" : 450
    },{
      "dateTime" : "2020-07-09T23:47:30.000",
      "level" : "light",
      "seconds" : 330
    },{
      "dateTime" : "2020-07-09T23:53:00.000",
      "level" : "rem",
      "seconds" : 360
    },{
      "dateTime" : "2020-07-09T23:59:00.000",
      "level" : "light",
      "seconds" : 1710
    },{
      "dateTime" : "2020-07-10T00:27:30.000",
      "level" : "deep",
      "seconds" : 870
    },{
      "dateTime" : "2020-07-10T00:42:00.000",
      "level" : "light",
      "seconds" : 30
    },{
      "dateTime" : "2020-07-10T00:42:30.000",
      "level" : "wake",
      "seconds" : 270
    },{
      "dateTime" : "2020-07-10T00:47:00.000",
      "level" : "light",
      "seconds" : 240
    },{
      "dateTime" : "2020-07-10T00:51:00.000",
      "level" : "rem",
      "seconds" : 1320
    },{
      "dateTime" : "2020-07-10T01:13:00.000",
      "level" : "light",
      "seconds" : 690
    },{
      "dateTime" : "2020-07-10T01:24:30.000",
      "level" : "wake",
      "seconds" : 210
    },{
      "dateTime" : "2020-07-10T01:28:00.000",
      "level" : "light",
      "seconds" : 90
    },{
      "dateTime" : "2020-07-10T01:29:30.000",
      "level" : "wake",
      "seconds" : 270
    },{
      "dateTime" : "2020-07-10T01:34:00.000",
      "level" : "light",
      "seconds" : 360
    },{
      "dateTime" : "2020-07-10T01:40:00.000",
      "level" : "deep",
      "seconds" : 1500
    },{
      "dateTime" : "2020-07-10T02:05:00.000",
      "level" : "light",
      "seconds" : 1680
    },{
      "dateTime" : "2020-07-10T02:33:00.000",
      "level" : "rem",
      "seconds" : 1290
    },{
      "dateTime" : "2020-07-10T02:54:30.000",
      "level" : "light",
      "seconds" : 1920
    },{
      "dateTime" : "2020-07-10T03:26:30.000",
      "level" : "deep",
      "seconds" : 480
    },{
      "dateTime" : "2020-07-10T03:34:30.000",
      "level" : "light",
      "seconds" : 990
    },{
      "dateTime" : "2020-07-10T03:51:00.000",
      "level" : "rem",
      "seconds" : 1740
    },{
      "dateTime" : "2020-07-10T04:20:00.000",
      "level" : "light",
      "seconds" : 3360
    },{
      "dateTime" : "2020-07-10T05:16:00.000",
      "level" : "rem",
      "seconds" : 1320
    },{
      "dateTime" : "2020-07-10T05:38:00.000",
      "level" : "light",
      "seconds" : 720
    }],
    "shortData" : [{
      "dateTime" : "2020-07-09T22:37:30.000",
      "level" : "wake",
      "seconds" : 30
    },{
      "dateTime" : "2020-07-09T22:58:00.000",
      "level" : "wake",
      "seconds" : 120
    },{
      "dateTime" : "2020-07-09T23:18:30.000",
      "level" : "wake",
      "seconds" : 30
    },{
      "dateTime" : "2020-07-09T23:22:30.000",
      "level" : "wake",
      "seconds" : 30
    },{
      "dateTime" : "2020-07-09T23:52:00.000",
      "level" : "wake",
      "seconds" : 30
    },{
      "dateTime" : "2020-07-09T23:58:30.000",
      "level" : "wake",
      "seconds" : 30
    },{
      "dateTime" : "2020-07-10T00:04:00.000",
      "level" : "wake",
      "seconds" : 60
    },{
      "dateTime" : "2020-07-10T00:08:00.000",
      "level" : "wake",
      "seconds" : 90
    },{
      "dateTime" : "2020-07-10T00:20:00.000",
      "level" : "wake",
      "seconds" : 120
    },{
      "dateTime" : "2020-07-10T01:09:00.000",
      "level" : "wake",
      "seconds" : 30
    },{
      "dateTime" : "2020-07-10T01:14:30.000",
      "level" : "wake",
      "seconds" : 30
    },{
      "dateTime" : "2020-07-10T01:35:30.000",
      "level" : "wake",
      "seconds" : 30
    },{
      "dateTime" : "2020-07-10T01:37:30.000",
      "level" : "wake",
      "seconds" : 30
    },{
      "dateTime" : "2020-07-10T02:21:00.000",
      "level" : "wake",
      "seconds" : 30
    },{
      "dateTime" : "2020-07-10T02:47:00.000",
      "level" : "wake",
      "seconds" : 60
    },{
      "dateTime" : "2020-07-10T02:55:00.000",
      "level" : "wake",
      "seconds" : 60
    },{
      "dateTime" : "2020-07-10T03:03:30.000",
      "level" : "wake",
      "seconds" : 30
    },{
      "dateTime" : "2020-07-10T03:36:30.000",
      "level" : "wake",
      "seconds" : 30
    },{
      "dateTime" : "2020-07-10T03:38:30.000",
      "level" : "wake",
      "seconds" : 60
    },{
      "dateTime" : "2020-07-10T03:49:00.000",
      "level" : "wake",
      "seconds" : 60
    },{
      "dateTime" : "2020-07-10T03:56:30.000",
      "level" : "wake",
      "seconds" : 30
    },{
      "dateTime" : "2020-07-10T04:00:00.000",
      "level" : "wake",
      "seconds" : 30
    },{
      "dateTime" : "2020-07-10T04:08:30.000",
      "level" : "wake",
      "seconds" : 60
    },{
      "dateTime" : "2020-07-10T04:13:30.000",
      "level" : "wake",
      "seconds" : 30
    },{
      "dateTime" : "2020-07-10T04:21:00.000",
      "level" : "wake",
      "seconds" : 30
    },{
      "dateTime" : "2020-07-10T04:30:30.000",
      "level" : "wake",
      "seconds" : 30
    },{
      "dateTime" : "2020-07-10T04:41:30.000",
      "level" : "wake",
      "seconds" : 30
    },{
      "dateTime" : "2020-07-10T05:04:00.000",
      "level" : "wake",
      "seconds" : 30
    },{
      "dateTime" : "2020-07-10T05:30:30.000",
      "level" : "wake",
      "seconds" : 30
    },{
      "dateTime" : "2020-07-10T05:45:00.000",
      "level" : "wake",
      "seconds" : 30
    },{
      "dateTime" : "2020-07-10T05:49:00.000",
      "level" : "wake",
      "seconds" : 30
    }]
  },
  "mainSleep" : true
},{
  "logId" : 28018670289,
  "dateOfSleep" : "2020-07-09",
  "startTime" : "2020-07-08T22:57:00.000",
  "endTime" : "2020-07-09T05:51:00.000",
  "duration" : 24840000,
  "minutesToFallAsleep" : 0,
  "minutesAsleep" : 380,
  "minutesAwake" : 34,
  "minutesAfterWakeup" : 0,
  "timeInBed" : 414,
  "efficiency" : 97,
  "type" : "stages",
  "infoCode" : 0,
  "logType" : "auto_detected",
  "levels" : {
    "summary" : {
      "deep" : {
        "count" : 3,
        "minutes" : 62,
        "thirtyDayAvgMinutes" : 52
      },
      "wake" : {
        "count" : 24,
        "minutes" : 34,
        "thirtyDayAvgMinutes" : 53
      },
      "light" : {
        "count" : 22,
        "minutes" : 216,
        "thirtyDayAvgMinutes" : 257
      },
      "rem" : {
        "count" : 8,
        "minutes" : 102,
        "thirtyDayAvgMinutes" : 103
      }
    },
    "data" : [{
      "dateTime" : "2020-07-08T22:57:00.000",
      "level" : "wake",
      "seconds" : 300
    },{
      "dateTime" : "2020-07-08T23:02:00.000",
      "level" : "light",
      "seconds" : 630
    },{
      "dateTime" : "2020-07-08T23:12:30.000",
      "level" : "deep",
      "seconds" : 2310
    },{
      "dateTime" : "2020-07-08T23:51:00.000",
      "level" : "light",
      "seconds" : 120
    },{
      "dateTime" : "2020-07-08T23:53:00.000",
      "level" : "wake",
      "seconds" : 210
    },{
      "dateTime" : "2020-07-08T23:56:30.000",
      "level" : "light",
      "seconds" : 960
    },{
      "dateTime" : "2020-07-09T00:12:30.000",
      "level" : "deep",
      "seconds" : 390
    },{
      "dateTime" : "2020-07-09T00:19:00.000",
      "level" : "light",
      "seconds" : 1620
    },{
      "dateTime" : "2020-07-09T00:46:00.000",
      "level" : "wake",
      "seconds" : 300
    },{
      "dateTime" : "2020-07-09T00:51:00.000",
      "level" : "light",
      "seconds" : 780
    },{
      "dateTime" : "2020-07-09T01:04:00.000",
      "level" : "wake",
      "seconds" : 330
    },{
      "dateTime" : "2020-07-09T01:09:30.000",
      "level" : "light",
      "seconds" : 90
    },{
      "dateTime" : "2020-07-09T01:11:00.000",
      "level" : "rem",
      "seconds" : 1080
    },{
      "dateTime" : "2020-07-09T01:29:00.000",
      "level" : "light",
      "seconds" : 5100
    },{
      "dateTime" : "2020-07-09T02:54:00.000",
      "level" : "rem",
      "seconds" : 1860
    },{
      "dateTime" : "2020-07-09T03:25:00.000",
      "level" : "light",
      "seconds" : 2130
    },{
      "dateTime" : "2020-07-09T04:00:30.000",
      "level" : "deep",
      "seconds" : 1110
    },{
      "dateTime" : "2020-07-09T04:19:00.000",
      "level" : "light",
      "seconds" : 690
    },{
      "dateTime" : "2020-07-09T04:30:30.000",
      "level" : "rem",
      "seconds" : 870
    },{
      "dateTime" : "2020-07-09T04:45:00.000",
      "level" : "light",
      "seconds" : 720
    },{
      "dateTime" : "2020-07-09T04:57:00.000",
      "level" : "rem",
      "seconds" : 2520
    },{
      "dateTime" : "2020-07-09T05:39:00.000",
      "level" : "light",
      "seconds" : 720
    }],
    "shortData" : [{
      "dateTime" : "2020-07-08T23:50:00.000",
      "level" : "wake",
      "seconds" : 60
    },{
      "dateTime" : "2020-07-09T00:07:30.000",
      "level" : "wake",
      "seconds" : 60
    },{
      "dateTime" : "2020-07-09T00:19:00.000",
      "level" : "wake",
      "seconds" : 60
    },{
      "dateTime" : "2020-07-09T01:23:00.000",
      "level" : "wake",
      "seconds" : 30
    },{
      "dateTime" : "2020-07-09T01:29:00.000",
      "level" : "wake",
      "seconds" : 120
    },{
      "dateTime" : "2020-07-09T02:06:00.000",
      "level" : "wake",
      "seconds" : 60
    },{
      "dateTime" : "2020-07-09T02:10:30.000",
      "level" : "wake",
      "seconds" : 30
    },{
      "dateTime" : "2020-07-09T02:32:30.000",
      "level" : "wake",
      "seconds" : 60
    },{
      "dateTime" : "2020-07-09T02:46:00.000",
      "level" : "wake",
      "seconds" : 30
    },{
      "dateTime" : "2020-07-09T02:52:00.000",
      "level" : "wake",
      "seconds" : 30
    },{
      "dateTime" : "2020-07-09T03:06:30.000",
      "level" : "wake",
      "seconds" : 90
    },{
      "dateTime" : "2020-07-09T04:18:30.000",
      "level" : "wake",
      "seconds" : 30
    },{
      "dateTime" : "2020-07-09T04:22:00.000",
      "level" : "wake",
      "seconds" : 30
    },{
      "dateTime" : "2020-07-09T04:27:00.000",
      "level" : "wake",
      "seconds" : 30
    },{
      "dateTime" : "2020-07-09T04:44:30.000",
      "level" : "wake",
      "seconds" : 30
    },{
      "dateTime" : "2020-07-09T04:47:30.000",
      "level" : "wake",
      "seconds" : 30
    },{
      "dateTime" : "2020-07-09T04:58:30.000",
      "level" : "wake",
      "seconds" : 30
    },{
      "dateTime" : "2020-07-09T05:19:30.000",
      "level" : "wake",
      "seconds" : 30
    },{
      "dateTime" : "2020-07-09T05:41:00.000",
      "level" : "wake",
      "seconds" : 30
    },{
      "dateTime" : "2020-07-09T05:44:30.000",
      "level" : "wake",
      "seconds" : 60
    }]
  },
  "mainSleep" : true
},{
  "logId" : 28018670288,
  "dateOfSleep" : "2020-07-08",
  "startTime" : "2020-07-07T22:35:00.000",
  "endTime" : "2020-07-08T06:05:30.000",
  "duration" : 27000000,
  "minutesToFallAsleep" : 0,
  "minutesAsleep" : 407,
  "minutesAwake" : 43,
  "minutesAfterWakeup" : 0,
  "timeInBed" : 450,
  "efficiency" : 94,
  "type" : "stages",
  "infoCode" : 0,
  "logType" : "auto_detected",
  "levels" : {
    "summary" : {
      "deep" : {
        "count" : 5,
        "minutes" : 68,
        "thirtyDayAvgMinutes" : 48
      },
      "wake" : {
        "count" : 31,
        "minutes" : 43,
        "thirtyDayAvgMinutes" : 56
      },
      "light" : {
        "count" : 27,
        "minutes" : 243,
        "thirtyDayAvgMinutes" : 261
      },
      "rem" : {
        "count" : 13,
        "minutes" : 96,
        "thirtyDayAvgMinutes" : 105
      }
    },
    "data" : [{
      "dateTime" : "2020-07-07T22:35:00.000",
      "level" : "wake",
      "seconds" : 30
    },{
      "dateTime" : "2020-07-07T22:35:30.000",
      "level" : "light",
      "seconds" : 1110
    },{
      "dateTime" : "2020-07-07T22:54:00.000",
      "level" : "deep",
      "seconds" : 990
    },{
      "dateTime" : "2020-07-07T23:10:30.000",
      "level" : "light",
      "seconds" : 1020
    },{
      "dateTime" : "2020-07-07T23:27:30.000",
      "level" : "rem",
      "seconds" : 1110
    },{
      "dateTime" : "2020-07-07T23:46:00.000",
      "level" : "light",
      "seconds" : 2640
    },{
      "dateTime" : "2020-07-08T00:30:00.000",
      "level" : "deep",
      "seconds" : 390
    },{
      "dateTime" : "2020-07-08T00:36:30.000",
      "level" : "light",
      "seconds" : 900
    },{
      "dateTime" : "2020-07-08T00:51:30.000",
      "level" : "rem",
      "seconds" : 1740
    },{
      "dateTime" : "2020-07-08T01:20:30.000",
      "level" : "light",
      "seconds" : 2190
    },{
      "dateTime" : "2020-07-08T01:57:00.000",
      "level" : "wake",
      "seconds" : 330
    },{
      "dateTime" : "2020-07-08T02:02:30.000",
      "level" : "light",
      "seconds" : 1170
    },{
      "dateTime" : "2020-07-08T02:22:00.000",
      "level" : "deep",
      "seconds" : 990
    },{
      "dateTime" : "2020-07-08T02:38:30.000",
      "level" : "light",
      "seconds" : 150
    },{
      "dateTime" : "2020-07-08T02:41:00.000",
      "level" : "rem",
      "seconds" : 1410
    },{
      "dateTime" : "2020-07-08T03:04:30.000",
      "level" : "light",
      "seconds" : 1980
    },{
      "dateTime" : "2020-07-08T03:37:30.000",
      "level" : "deep",
      "seconds" : 960
    },{
      "dateTime" : "2020-07-08T03:53:30.000",
      "level" : "light",
      "seconds" : 120
    },{
      "dateTime" : "2020-07-08T03:55:30.000",
      "level" : "wake",
      "seconds" : 390
    },{
      "dateTime" : "2020-07-08T04:02:00.000",
      "level" : "light",
      "seconds" : 540
    },{
      "dateTime" : "2020-07-08T04:11:00.000",
      "level" : "rem",
      "seconds" : 1440
    },{
      "dateTime" : "2020-07-08T04:35:00.000",
      "level" : "deep",
      "seconds" : 780
    },{
      "dateTime" : "2020-07-08T04:48:00.000",
      "level" : "light",
      "seconds" : 1560
    },{
      "dateTime" : "2020-07-08T05:14:00.000",
      "level" : "wake",
      "seconds" : 450
    },{
      "dateTime" : "2020-07-08T05:21:30.000",
      "level" : "light",
      "seconds" : 1890
    },{
      "dateTime" : "2020-07-08T05:53:00.000",
      "level" : "rem",
      "seconds" : 510
    },{
      "dateTime" : "2020-07-08T06:01:30.000",
      "level" : "light",
      "seconds" : 240
    }],
    "shortData" : [{
      "dateTime" : "2020-07-07T22:35:00.000",
      "level" : "wake",
      "seconds" : 120
    },{
      "dateTime" : "2020-07-07T22:50:00.000",
      "level" : "wake",
      "seconds" : 60
    },{
      "dateTime" : "2020-07-07T23:18:00.000",
      "level" : "wake",
      "seconds" : 30
    },{
      "dateTime" : "2020-07-07T23:38:30.000",
      "level" : "wake",
      "seconds" : 30
    },{
      "dateTime" : "2020-07-07T23:48:00.000",
      "level" : "wake",
      "seconds" : 120
    },{
      "dateTime" : "2020-07-08T00:06:30.000",
      "level" : "wake",
      "seconds" : 60
    },{
      "dateTime" : "2020-07-08T00:21:30.000",
      "level" : "wake",
      "seconds" : 30
    },{
      "dateTime" : "2020-07-08T00:40:00.000",
      "level" : "wake",
      "seconds" : 90
    },{
      "dateTime" : "2020-07-08T01:06:30.000",
      "level" : "wake",
      "seconds" : 30
    },{
      "dateTime" : "2020-07-08T01:16:00.000",
      "level" : "wake",
      "seconds" : 30
    },{
      "dateTime" : "2020-07-08T01:22:30.000",
      "level" : "wake",
      "seconds" : 60
    },{
      "dateTime" : "2020-07-08T02:18:30.000",
      "level" : "wake",
      "seconds" : 30
    },{
      "dateTime" : "2020-07-08T02:37:30.000",
      "level" : "wake",
      "seconds" : 60
    },{
      "dateTime" : "2020-07-08T02:45:00.000",
      "level" : "wake",
      "seconds" : 30
    },{
      "dateTime" : "2020-07-08T02:57:00.000",
      "level" : "wake",
      "seconds" : 30
    },{
      "dateTime" : "2020-07-08T03:11:30.000",
      "level" : "wake",
      "seconds" : 30
    },{
      "dateTime" : "2020-07-08T03:21:00.000",
      "level" : "wake",
      "seconds" : 30
    },{
      "dateTime" : "2020-07-08T04:05:30.000",
      "level" : "wake",
      "seconds" : 30
    },{
      "dateTime" : "2020-07-08T04:16:30.000",
      "level" : "wake",
      "seconds" : 30
    },{
      "dateTime" : "2020-07-08T04:26:00.000",
      "level" : "wake",
      "seconds" : 30
    },{
      "dateTime" : "2020-07-08T04:31:00.000",
      "level" : "wake",
      "seconds" : 30
    },{
      "dateTime" : "2020-07-08T04:33:30.000",
      "level" : "wake",
      "seconds" : 90
    },{
      "dateTime" : "2020-07-08T04:48:00.000",
      "level" : "wake",
      "seconds" : 30
    },{
      "dateTime" : "2020-07-08T05:32:00.000",
      "level" : "wake",
      "seconds" : 30
    },{
      "dateTime" : "2020-07-08T05:45:00.000",
      "level" : "wake",
      "seconds" : 30
    },{
      "dateTime" : "2020-07-08T05:48:30.000",
      "level" : "wake",
      "seconds" : 30
    },{
      "dateTime" : "2020-07-08T06:00:00.000",
      "level" : "wake",
      "seconds" : 90
    },{
      "dateTime" : "2020-07-08T06:03:00.000",
      "level" : "wake",
      "seconds" : 150
    }]
  },
  "mainSleep" : true
},{
  "logId" : 28018670287,
  "dateOfSleep" : "2020-07-07",
  "startTime" : "2020-07-06T21:47:00.000",
  "endTime" : "2020-07-07T05:52:30.000",
  "duration" : 29100000,
  "minutesToFallAsleep" : 0,
  "minutesAsleep" : 416,
  "minutesAwake" : 69,
  "minutesAfterWakeup" : 0,
  "timeInBed" : 485,
  "efficiency" : 91,
  "type" : "stages",
  "infoCode" : 0,
  "logType" : "auto_detected",
  "levels" : {
    "summary" : {
      "deep" : {
        "count" : 3,
        "minutes" : 52,
        "thirtyDayAvgMinutes" : 46
      },
      "wake" : {
        "count" : 39,
        "minutes" : 69,
        "thirtyDayAvgMinutes" : 52
      },
      "light" : {
        "count" : 35,
        "minutes" : 261,
        "thirtyDayAvgMinutes" : 261
      },
      "rem" : {
        "count" : 15,
        "minutes" : 103,
        "thirtyDayAvgMinutes" : 105
      }
    },
    "data" : [{
      "dateTime" : "2020-07-06T21:47:00.000",
      "level" : "wake",
      "seconds" : 780
    },{
      "dateTime" : "2020-07-06T22:00:00.000",
      "level" : "light",
      "seconds" : 480
    },{
      "dateTime" : "2020-07-06T22:08:00.000",
      "level" : "wake",
      "seconds" : 270
    },{
      "dateTime" : "2020-07-06T22:12:30.000",
      "level" : "light",
      "seconds" : 210
    },{
      "dateTime" : "2020-07-06T22:16:00.000",
      "level" : "deep",
      "seconds" : 360
    },{
      "dateTime" : "2020-07-06T22:22:00.000",
      "level" : "light",
      "seconds" : 120
    },{
      "dateTime" : "2020-07-06T22:24:00.000",
      "level" : "wake",
      "seconds" : 720
    },{
      "dateTime" : "2020-07-06T22:36:00.000",
      "level" : "light",
      "seconds" : 60
    },{
      "dateTime" : "2020-07-06T22:37:00.000",
      "level" : "deep",
      "seconds" : 2010
    },{
      "dateTime" : "2020-07-06T23:10:30.000",
      "level" : "light",
      "seconds" : 180
    },{
      "dateTime" : "2020-07-06T23:13:30.000",
      "level" : "wake",
      "seconds" : 240
    },{
      "dateTime" : "2020-07-06T23:17:30.000",
      "level" : "light",
      "seconds" : 210
    },{
      "dateTime" : "2020-07-06T23:21:00.000",
      "level" : "rem",
      "seconds" : 1710
    },{
      "dateTime" : "2020-07-06T23:49:30.000",
      "level" : "light",
      "seconds" : 3780
    },{
      "dateTime" : "2020-07-07T00:52:30.000",
      "level" : "wake",
      "seconds" : 390
    },{
      "dateTime" : "2020-07-07T00:59:00.000",
      "level" : "light",
      "seconds" : 60
    },{
      "dateTime" : "2020-07-07T01:00:00.000",
      "level" : "rem",
      "seconds" : 420
    },{
      "dateTime" : "2020-07-07T01:07:00.000",
      "level" : "wake",
      "seconds" : 360
    },{
      "dateTime" : "2020-07-07T01:13:00.000",
      "level" : "light",
      "seconds" : 4230
    },{
      "dateTime" : "2020-07-07T02:23:30.000",
      "level" : "rem",
      "seconds" : 1080
    },{
      "dateTime" : "2020-07-07T02:41:30.000",
      "level" : "light",
      "seconds" : 630
    },{
      "dateTime" : "2020-07-07T02:52:00.000",
      "level" : "rem",
      "seconds" : 270
    },{
      "dateTime" : "2020-07-07T02:56:30.000",
      "level" : "light",
      "seconds" : 2520
    },{
      "dateTime" : "2020-07-07T03:38:30.000",
      "level" : "deep",
      "seconds" : 780
    },{
      "dateTime" : "2020-07-07T03:51:30.000",
      "level" : "light",
      "seconds" : 720
    },{
      "dateTime" : "2020-07-07T04:03:30.000",
      "level" : "rem",
      "seconds" : 1830
    },{
      "dateTime" : "2020-07-07T04:34:00.000",
      "level" : "light",
      "seconds" : 3450
    },{
      "dateTime" : "2020-07-07T05:31:30.000",
      "level" : "rem",
      "seconds" : 1260
    }],
    "shortData" : [{
      "dateTime" : "2020-07-06T22:05:00.000",
      "level" : "wake",
      "seconds" : 30
    },{
      "dateTime" : "2020-07-06T23:10:00.000",
      "level" : "wake",
      "seconds" : 30
    },{
      "dateTime" : "2020-07-06T23:24:30.000",
      "level" : "wake",
      "seconds" : 60
    },{
      "dateTime" : "2020-07-06T23:41:00.000",
      "level" : "wake",
      "seconds" : 60
    },{
      "dateTime" : "2020-07-06T23:50:30.000",
      "level" : "wake",
      "seconds" : 30
    },{
      "dateTime" : "2020-07-06T23:53:00.000",
      "level" : "wake",
      "seconds" : 30
    },{
      "dateTime" : "2020-07-07T00:02:00.000",
      "level" : "wake",
      "seconds" : 30
    },{
      "dateTime" : "2020-07-07T00:15:30.000",
      "level" : "wake",
      "seconds" : 30
    },{
      "dateTime" : "2020-07-07T00:17:30.000",
      "level" : "wake",
      "seconds" : 30
    },{
      "dateTime" : "2020-07-07T00:20:30.000",
      "level" : "wake",
      "seconds" : 120
    },{
      "dateTime" : "2020-07-07T00:24:00.000",
      "level" : "wake",
      "seconds" : 30
    },{
      "dateTime" : "2020-07-07T00:43:30.000",
      "level" : "wake",
      "seconds" : 30
    },{
      "dateTime" : "2020-07-07T00:50:00.000",
      "level" : "wake",
      "seconds" : 30
    },{
      "dateTime" : "2020-07-07T01:37:30.000",
      "level" : "wake",
      "seconds" : 30
    },{
      "dateTime" : "2020-07-07T01:54:00.000",
      "level" : "wake",
      "seconds" : 150
    },{
      "dateTime" : "2020-07-07T02:17:00.000",
      "level" : "wake",
      "seconds" : 30
    },{
      "dateTime" : "2020-07-07T02:29:30.000",
      "level" : "wake",
      "seconds" : 30
    },{
      "dateTime" : "2020-07-07T02:36:30.000",
      "level" : "wake",
      "seconds" : 30
    },{
      "dateTime" : "2020-07-07T02:39:30.000",
      "level" : "wake",
      "seconds" : 30
    },{
      "dateTime" : "2020-07-07T02:50:00.000",
      "level" : "wake",
      "seconds" : 30
    },{
      "dateTime" : "2020-07-07T02:56:30.000",
      "level" : "wake",
      "seconds" : 30
    },{
      "dateTime" : "2020-07-07T03:04:00.000",
      "level" : "wake",
      "seconds" : 30
    },{
      "dateTime" : "2020-07-07T03:14:30.000",
      "level" : "wake",
      "seconds" : 90
    },{
      "dateTime" : "2020-07-07T03:30:00.000",
      "level" : "wake",
      "seconds" : 60
    },{
      "dateTime" : "2020-07-07T03:56:00.000",
      "level" : "wake",
      "seconds" : 30
    },{
      "dateTime" : "2020-07-07T04:12:30.000",
      "level" : "wake",
      "seconds" : 30
    },{
      "dateTime" : "2020-07-07T04:25:00.000",
      "level" : "wake",
      "seconds" : 30
    },{
      "dateTime" : "2020-07-07T04:32:30.000",
      "level" : "wake",
      "seconds" : 60
    },{
      "dateTime" : "2020-07-07T04:36:30.000",
      "level" : "wake",
      "seconds" : 30
    },{
      "dateTime" : "2020-07-07T04:40:30.000",
      "level" : "wake",
      "seconds" : 30
    },{
      "dateTime" : "2020-07-07T05:02:30.000",
      "level" : "wake",
      "seconds" : 30
    },{
      "dateTime" : "2020-07-07T05:27:30.000",
      "level" : "wake",
      "seconds" : 30
    },{
      "dateTime" : "2020-07-07T05:39:30.000",
      "level" : "wake",
      "seconds" : 30
    }]
  },
  "mainSleep" : true
},{
  "logId" : 27794610505,
  "dateOfSleep" : "2020-06-27",
  "startTime" : "2020-06-26T23:36:00.000",
  "endTime" : "2020-06-27T06:49:30.000",
  "duration" : 25980000,
  "minutesToFallAsleep" : 0,
  "minutesAsleep" : 396,
  "minutesAwake" : 37,
  "minutesAfterWakeup" : 0,
  "timeInBed" : 433,
  "efficiency" : 96,
  "type" : "stages",
  "infoCode" : 0,
  "logType" : "auto_detected",
  "levels" : {
    "summary" : {
      "deep" : {
        "count" : 5,
        "minutes" : 53,
        "thirtyDayAvgMinutes" : 43
      },
      "wake" : {
        "count" : 29,
        "minutes" : 37,
        "thirtyDayAvgMinutes" : 59
      },
      "light" : {
        "count" : 31,
        "minutes" : 231,
        "thirtyDayAvgMinutes" : 276
      },
      "rem" : {
        "count" : 10,
        "minutes" : 112,
        "thirtyDayAvgMinutes" : 102
      }
    },
    "data" : [{
      "dateTime" : "2020-06-26T23:36:00.000",
      "level" : "light",
      "seconds" : 1350
    },{
      "dateTime" : "2020-06-26T23:58:30.000",
      "level" : "deep",
      "seconds" : 480
    },{
      "dateTime" : "2020-06-27T00:06:30.000",
      "level" : "light",
      "seconds" : 2910
    },{
      "dateTime" : "2020-06-27T00:55:00.000",
      "level" : "deep",
      "seconds" : 1410
    },{
      "dateTime" : "2020-06-27T01:18:30.000",
      "level" : "light",
      "seconds" : 330
    },{
      "dateTime" : "2020-06-27T01:24:00.000",
      "level" : "deep",
      "seconds" : 270
    },{
      "dateTime" : "2020-06-27T01:28:30.000",
      "level" : "light",
      "seconds" : 90
    },{
      "dateTime" : "2020-06-27T01:30:00.000",
      "level" : "deep",
      "seconds" : 300
    },{
      "dateTime" : "2020-06-27T01:35:00.000",
      "level" : "light",
      "seconds" : 750
    },{
      "dateTime" : "2020-06-27T01:47:30.000",
      "level" : "rem",
      "seconds" : 390
    },{
      "dateTime" : "2020-06-27T01:54:00.000",
      "level" : "light",
      "seconds" : 330
    },{
      "dateTime" : "2020-06-27T01:59:30.000",
      "level" : "rem",
      "seconds" : 2610
    },{
      "dateTime" : "2020-06-27T02:43:00.000",
      "level" : "light",
      "seconds" : 2520
    },{
      "dateTime" : "2020-06-27T03:25:00.000",
      "level" : "deep",
      "seconds" : 780
    },{
      "dateTime" : "2020-06-27T03:38:00.000",
      "level" : "light",
      "seconds" : 240
    },{
      "dateTime" : "2020-06-27T03:42:00.000",
      "level" : "rem",
      "seconds" : 2280
    },{
      "dateTime" : "2020-06-27T04:20:00.000",
      "level" : "light",
      "seconds" : 2850
    },{
      "dateTime" : "2020-06-27T05:07:30.000",
      "level" : "rem",
      "seconds" : 1950
    },{
      "dateTime" : "2020-06-27T05:40:00.000",
      "level" : "light",
      "seconds" : 3210
    },{
      "dateTime" : "2020-06-27T06:33:30.000",
      "level" : "wake",
      "seconds" : 870
    },{
      "dateTime" : "2020-06-27T06:48:00.000",
      "level" : "light",
      "seconds" : 90
    }],
    "shortData" : [{
      "dateTime" : "2020-06-26T23:48:00.000",
      "level" : "wake",
      "seconds" : 30
    },{
      "dateTime" : "2020-06-27T00:05:30.000",
      "level" : "wake",
      "seconds" : 60
    },{
      "dateTime" : "2020-06-27T00:10:00.000",
      "level" : "wake",
      "seconds" : 60
    },{
      "dateTime" : "2020-06-27T00:33:00.000",
      "level" : "wake",
      "seconds" : 30
    },{
      "dateTime" : "2020-06-27T00:38:00.000",
      "level" : "wake",
      "seconds" : 30
    },{
      "dateTime" : "2020-06-27T00:47:30.000",
      "level" : "wake",
      "seconds" : 30
    },{
      "dateTime" : "2020-06-27T01:20:30.000",
      "level" : "wake",
      "seconds" : 30
    },{
      "dateTime" : "2020-06-27T02:12:00.000",
      "level" : "wake",
      "seconds" : 120
    },{
      "dateTime" : "2020-06-27T02:24:30.000",
      "level" : "wake",
      "seconds" : 60
    },{
      "dateTime" : "2020-06-27T02:46:00.000",
      "level" : "wake",
      "seconds" : 30
    },{
      "dateTime" : "2020-06-27T02:50:00.000",
      "level" : "wake",
      "seconds" : 30
    },{
      "dateTime" : "2020-06-27T03:00:30.000",
      "level" : "wake",
      "seconds" : 30
    },{
      "dateTime" : "2020-06-27T03:18:30.000",
      "level" : "wake",
      "seconds" : 60
    },{
      "dateTime" : "2020-06-27T03:22:00.000",
      "level" : "wake",
      "seconds" : 60
    },{
      "dateTime" : "2020-06-27T03:54:00.000",
      "level" : "wake",
      "seconds" : 90
    },{
      "dateTime" : "2020-06-27T04:18:00.000",
      "level" : "wake",
      "seconds" : 120
    },{
      "dateTime" : "2020-06-27T04:22:30.000",
      "level" : "wake",
      "seconds" : 30
    },{
      "dateTime" : "2020-06-27T04:27:30.000",
      "level" : "wake",
      "seconds" : 60
    },{
      "dateTime" : "2020-06-27T04:32:00.000",
      "level" : "wake",
      "seconds" : 60
    },{
      "dateTime" : "2020-06-27T04:40:30.000",
      "level" : "wake",
      "seconds" : 30
    },{
      "dateTime" : "2020-06-27T04:59:00.000",
      "level" : "wake",
      "seconds" : 90
    },{
      "dateTime" : "2020-06-27T05:04:00.000",
      "level" : "wake",
      "seconds" : 30
    },{
      "dateTime" : "2020-06-27T05:17:30.000",
      "level" : "wake",
      "seconds" : 30
    },{
      "dateTime" : "2020-06-27T05:28:00.000",
      "level" : "wake",
      "seconds" : 30
    },{
      "dateTime" : "2020-06-27T05:33:00.000",
      "level" : "wake",
      "seconds" : 30
    },{
      "dateTime" : "2020-06-27T05:40:30.000",
      "level" : "wake",
      "seconds" : 30
    },{
      "dateTime" : "2020-06-27T05:48:30.000",
      "level" : "wake",
      "seconds" : 30
    },{
      "dateTime" : "2020-06-27T06:12:00.000",
      "level" : "wake",
      "seconds" : 30
    }]
  },
  "mainSleep" : true
},{
  "logId" : 27782018348,
  "dateOfSleep" : "2020-06-26",
  "startTime" : "2020-06-25T22:03:00.000",
  "endTime" : "2020-06-26T06:19:00.000",
  "duration" : 29760000,
  "minutesToFallAsleep" : 0,
  "minutesAsleep" : 438,
  "minutesAwake" : 58,
  "minutesAfterWakeup" : 0,
  "timeInBed" : 496,
  "efficiency" : 95,
  "type" : "stages",
  "infoCode" : 0,
  "logType" : "auto_detected",
  "levels" : {
    "summary" : {
      "deep" : {
        "count" : 3,
        "minutes" : 64,
        "thirtyDayAvgMinutes" : 21
      },
      "wake" : {
        "count" : 25,
        "minutes" : 58,
        "thirtyDayAvgMinutes" : 60
      },
      "light" : {
        "count" : 24,
        "minutes" : 240,
        "thirtyDayAvgMinutes" : 311
      },
      "rem" : {
        "count" : 11,
        "minutes" : 134,
        "thirtyDayAvgMinutes" : 69
      }
    },
    "data" : [{
      "dateTime" : "2020-06-25T22:03:00.000",
      "level" : "wake",
      "seconds" : 30
    },{
      "dateTime" : "2020-06-25T22:03:30.000",
      "level" : "light",
      "seconds" : 510
    },{
      "dateTime" : "2020-06-25T22:12:00.000",
      "level" : "wake",
      "seconds" : 450
    },{
      "dateTime" : "2020-06-25T22:19:30.000",
      "level" : "light",
      "seconds" : 420
    },{
      "dateTime" : "2020-06-25T22:26:30.000",
      "level" : "deep",
      "seconds" : 1860
    },{
      "dateTime" : "2020-06-25T22:57:30.000",
      "level" : "light",
      "seconds" : 90
    },{
      "dateTime" : "2020-06-25T22:59:00.000",
      "level" : "wake",
      "seconds" : 960
    },{
      "dateTime" : "2020-06-25T23:15:00.000",
      "level" : "light",
      "seconds" : 630
    },{
      "dateTime" : "2020-06-25T23:25:30.000",
      "level" : "wake",
      "seconds" : 210
    },{
      "dateTime" : "2020-06-25T23:29:00.000",
      "level" : "light",
      "seconds" : 4320
    },{
      "dateTime" : "2020-06-26T00:41:00.000",
      "level" : "rem",
      "seconds" : 2010
    },{
      "dateTime" : "2020-06-26T01:14:30.000",
      "level" : "light",
      "seconds" : 1230
    },{
      "dateTime" : "2020-06-26T01:35:00.000",
      "level" : "deep",
      "seconds" : 390
    },{
      "dateTime" : "2020-06-26T01:41:30.000",
      "level" : "light",
      "seconds" : 3510
    },{
      "dateTime" : "2020-06-26T02:40:00.000",
      "level" : "rem",
      "seconds" : 690
    },{
      "dateTime" : "2020-06-26T02:51:30.000",
      "level" : "light",
      "seconds" : 1680
    },{
      "dateTime" : "2020-06-26T03:19:30.000",
      "level" : "deep",
      "seconds" : 1590
    },{
      "dateTime" : "2020-06-26T03:46:00.000",
      "level" : "light",
      "seconds" : 480
    },{
      "dateTime" : "2020-06-26T03:54:00.000",
      "level" : "rem",
      "seconds" : 2880
    },{
      "dateTime" : "2020-06-26T04:42:00.000",
      "level" : "light",
      "seconds" : 2340
    },{
      "dateTime" : "2020-06-26T05:21:00.000",
      "level" : "rem",
      "seconds" : 2700
    },{
      "dateTime" : "2020-06-26T06:06:00.000",
      "level" : "wake",
      "seconds" : 480
    },{
      "dateTime" : "2020-06-26T06:14:00.000",
      "level" : "light",
      "seconds" : 300
    }],
    "shortData" : [{
      "dateTime" : "2020-06-25T22:03:00.000",
      "level" : "wake",
      "seconds" : 180
    },{
      "dateTime" : "2020-06-25T23:18:30.000",
      "level" : "wake",
      "seconds" : 150
    },{
      "dateTime" : "2020-06-25T23:37:00.000",
      "level" : "wake",
      "seconds" : 120
    },{
      "dateTime" : "2020-06-25T23:41:00.000",
      "level" : "wake",
      "seconds" : 180
    },{
      "dateTime" : "2020-06-25T23:52:00.000",
      "level" : "wake",
      "seconds" : 30
    },{
      "dateTime" : "2020-06-26T00:07:00.000",
      "level" : "wake",
      "seconds" : 150
    },{
      "dateTime" : "2020-06-26T00:16:00.000",
      "level" : "wake",
      "seconds" : 120
    },{
      "dateTime" : "2020-06-26T00:39:00.000",
      "level" : "wake",
      "seconds" : 30
    },{
      "dateTime" : "2020-06-26T00:48:30.000",
      "level" : "wake",
      "seconds" : 30
    },{
      "dateTime" : "2020-06-26T01:01:00.000",
      "level" : "wake",
      "seconds" : 30
    },{
      "dateTime" : "2020-06-26T01:15:30.000",
      "level" : "wake",
      "seconds" : 30
    },{
      "dateTime" : "2020-06-26T01:42:00.000",
      "level" : "wake",
      "seconds" : 30
    },{
      "dateTime" : "2020-06-26T02:18:00.000",
      "level" : "wake",
      "seconds" : 30
    },{
      "dateTime" : "2020-06-26T02:28:00.000",
      "level" : "wake",
      "seconds" : 30
    },{
      "dateTime" : "2020-06-26T04:07:30.000",
      "level" : "wake",
      "seconds" : 30
    },{
      "dateTime" : "2020-06-26T04:18:30.000",
      "level" : "wake",
      "seconds" : 30
    },{
      "dateTime" : "2020-06-26T04:37:00.000",
      "level" : "wake",
      "seconds" : 30
    },{
      "dateTime" : "2020-06-26T04:46:00.000",
      "level" : "wake",
      "seconds" : 30
    },{
      "dateTime" : "2020-06-26T05:25:00.000",
      "level" : "wake",
      "seconds" : 60
    },{
      "dateTime" : "2020-06-26T05:37:30.000",
      "level" : "wake",
      "seconds" : 30
    },{
      "dateTime" : "2020-06-26T06:17:30.000",
      "level" : "wake",
      "seconds" : 60
    }]
  },
  "mainSleep" : true
},{
  "logId" : 27775931208,
  "dateOfSleep" : "2020-06-25",
  "startTime" : "2020-06-24T22:28:30.000",
  "endTime" : "2020-06-25T06:10:00.000",
  "duration" : 27660000,
  "minutesToFallAsleep" : 0,
  "minutesAsleep" : 401,
  "minutesAwake" : 60,
  "minutesAfterWakeup" : 4,
  "timeInBed" : 461,
  "efficiency" : 95,
  "type" : "stages",
  "infoCode" : 0,
  "logType" : "auto_detected",
  "levels" : {
    "summary" : {
      "deep" : {
        "count" : 4,
        "minutes" : 21,
        "thirtyDayAvgMinutes" : 0
      },
      "wake" : {
        "count" : 24,
        "minutes" : 60,
        "thirtyDayAvgMinutes" : 0
      },
      "light" : {
        "count" : 27,
        "minutes" : 311,
        "thirtyDayAvgMinutes" : 0
      },
      "rem" : {
        "count" : 6,
        "minutes" : 69,
        "thirtyDayAvgMinutes" : 0
      }
    },
    "data" : [{
      "dateTime" : "2020-06-24T22:28:30.000",
      "level" : "wake",
      "seconds" : 30
    },{
      "dateTime" : "2020-06-24T22:29:00.000",
      "level" : "light",
      "seconds" : 240
    },{
      "dateTime" : "2020-06-24T22:33:00.000",
      "level" : "wake",
      "seconds" : 480
    },{
      "dateTime" : "2020-06-24T22:41:00.000",
      "level" : "light",
      "seconds" : 1710
    },{
      "dateTime" : "2020-06-24T23:09:30.000",
      "level" : "wake",
      "seconds" : 270
    },{
      "dateTime" : "2020-06-24T23:14:00.000",
      "level" : "light",
      "seconds" : 900
    },{
      "dateTime" : "2020-06-24T23:29:00.000",
      "level" : "deep",
      "seconds" : 330
    },{
      "dateTime" : "2020-06-24T23:34:30.000",
      "level" : "light",
      "seconds" : 180
    },{
      "dateTime" : "2020-06-24T23:37:30.000",
      "level" : "rem",
      "seconds" : 360
    },{
      "dateTime" : "2020-06-24T23:43:30.000",
      "level" : "light",
      "seconds" : 1020
    },{
      "dateTime" : "2020-06-25T00:00:30.000",
      "level" : "deep",
      "seconds" : 300
    },{
      "dateTime" : "2020-06-25T00:05:30.000",
      "level" : "light",
      "seconds" : 3810
    },{
      "dateTime" : "2020-06-25T01:09:00.000",
      "level" : "rem",
      "seconds" : 2340
    },{
      "dateTime" : "2020-06-25T01:48:00.000",
      "level" : "light",
      "seconds" : 1380
    },{
      "dateTime" : "2020-06-25T02:11:00.000",
      "level" : "deep",
      "seconds" : 330
    },{
      "dateTime" : "2020-06-25T02:16:30.000",
      "level" : "light",
      "seconds" : 1380
    },{
      "dateTime" : "2020-06-25T02:39:30.000",
      "level" : "deep",
      "seconds" : 360
    },{
      "dateTime" : "2020-06-25T02:45:30.000",
      "level" : "light",
      "seconds" : 1500
    },{
      "dateTime" : "2020-06-25T03:10:30.000",
      "level" : "rem",
      "seconds" : 360
    },{
      "dateTime" : "2020-06-25T03:16:30.000",
      "level" : "light",
      "seconds" : 3900
    },{
      "dateTime" : "2020-06-25T04:21:30.000",
      "level" : "rem",
      "seconds" : 1170
    },{
      "dateTime" : "2020-06-25T04:41:00.000",
      "level" : "light",
      "seconds" : 1080
    },{
      "dateTime" : "2020-06-25T04:59:00.000",
      "level" : "wake",
      "seconds" : 660
    },{
      "dateTime" : "2020-06-25T05:10:00.000",
      "level" : "light",
      "seconds" : 540
    },{
      "dateTime" : "2020-06-25T05:19:00.000",
      "level" : "wake",
      "seconds" : 540
    },{
      "dateTime" : "2020-06-25T05:28:00.000",
      "level" : "light",
      "seconds" : 1830
    },{
      "dateTime" : "2020-06-25T05:58:30.000",
      "level" : "wake",
      "seconds" : 690
    }],
    "shortData" : [{
      "dateTime" : "2020-06-24T22:28:30.000",
      "level" : "wake",
      "seconds" : 150
    },{
      "dateTime" : "2020-06-24T22:54:30.000",
      "level" : "wake",
      "seconds" : 60
    },{
      "dateTime" : "2020-06-24T22:58:00.000",
      "level" : "wake",
      "seconds" : 30
    },{
      "dateTime" : "2020-06-24T23:07:00.000",
      "level" : "wake",
      "seconds" : 30
    },{
      "dateTime" : "2020-06-24T23:34:00.000",
      "level" : "wake",
      "seconds" : 30
    },{
      "dateTime" : "2020-06-24T23:48:00.000",
      "level" : "wake",
      "seconds" : 30
    },{
      "dateTime" : "2020-06-25T00:45:30.000",
      "level" : "wake",
      "seconds" : 30
    },{
      "dateTime" : "2020-06-25T01:03:30.000",
      "level" : "wake",
      "seconds" : 30
    },{
      "dateTime" : "2020-06-25T01:28:00.000",
      "level" : "wake",
      "seconds" : 30
    },{
      "dateTime" : "2020-06-25T02:47:30.000",
      "level" : "wake",
      "seconds" : 30
    },{
      "dateTime" : "2020-06-25T03:07:00.000",
      "level" : "wake",
      "seconds" : 60
    },{
      "dateTime" : "2020-06-25T03:16:00.000",
      "level" : "wake",
      "seconds" : 30
    },{
      "dateTime" : "2020-06-25T03:21:30.000",
      "level" : "wake",
      "seconds" : 150
    },{
      "dateTime" : "2020-06-25T03:48:00.000",
      "level" : "wake",
      "seconds" : 90
    },{
      "dateTime" : "2020-06-25T04:17:30.000",
      "level" : "wake",
      "seconds" : 30
    },{
      "dateTime" : "2020-06-25T04:29:30.000",
      "level" : "wake",
      "seconds" : 30
    },{
      "dateTime" : "2020-06-25T04:48:30.000",
      "level" : "wake",
      "seconds" : 30
    },{
      "dateTime" : "2020-06-25T05:15:00.000",
      "level" : "wake",
      "seconds" : 60
    },{
      "dateTime" : "2020-06-25T05:35:00.000",
      "level" : "wake",
      "seconds" : 30
    }]
  },
  "mainSleep" : true
}]