type,frequency,target,result,status,is_primary,start_date,end_date,created_on,edited_on
ACTIVE_ZONE_MINUTES_GOAL,DAILY,60.0,null,NEW,false,null,null,2026-02-10T23:43:11.471+00:00,null
BODY_FAT_GOAL,DAILY,7.0,0.0,INPROGRESS_SO_FAR_MISSED,false,2019-12-01,2019-12-02,2019-11-29T19:05:44.000+00:00,2019-12-01T21:17:33.000+00:00
WEIGHT_GOAL,MONTHLY,199.99,156.99,NEW,false,null,null,2026-02-11T04:59:59.000+00:00,2026-02-10T23:36:56.000+00:00
CALORIES_BURNED_GOAL,DAILY,2500.0,242.0,INPROGRESS_SO_FAR_MISSED,false,2021-08-14,2021-08-15,2019-11-29T19:04:55.000+00:00,2026-02-10T23:44:45.000+00:00
STEPS_GOAL,DAILY,8000.0,0.0,INPROGRESS_SO_FAR_MISSED,false,2021-08-14,2021-08-15,2019-11-29T19:04:55.000+00:00,2026-02-10T23:43:37.000+00:00
FLOORS_CLIMBED_GOAL,DAILY,10.0,0.0,INPROGRESS_SO_FAR_MISSED,false,2021-08-14,2021-08-15,2019-11-29T19:04:55.000+00:00,null
DISTANCE_FROM_STEPS_GOAL,DAILY,5.0,0.0,INPROGRESS_SO_FAR_MISSED,false,2021-08-14,2021-08-15,2019-11-29T19:04:55.000+00:00,null
ACTIVE_MINUTES_GOAL,DAILY,30.0,0.0,INPROGRESS_SO_FAR_MISSED,false,2021-08-14,2021-08-15,2019-11-29T19:04:55.000+00:00,null
STEPS_GOAL,WEEKLY,70000.0,4477.0,INPROGRESS_SO_FAR_MISSED,true,2021-08-08,2021-08-15,2019-11-29T19:04:55.000+00:00,null
DISTANCE_FROM_STEPS_GOAL,WEEKLY,35.0,1.98542,INPROGRESS_SO_FAR_MISSED,false,2021-08-08,2021-08-15,2019-11-29T19:04:55.000+00:00,null
FLOORS_CLIMBED_GOAL,WEEKLY,70.0,1.0,INPROGRESS_SO_FAR_MISSED,false,2021-08-08,2021-08-15,2019-11-29T19:04:55.000+00:00,null
CALORIES_BURNED_GOAL,WEEKLY,19173.0,10855.0,INPROGRESS_SO_FAR_MISSED,false,2021-08-08,2021-08-15,2019-11-29T19:04:55.000+00:00,null
WATER_GOAL,DAILY,2957.35,0.0,INPROGRESS_SO_FAR_MISSED,false,2026-02-10,2026-02-11,2019-11-29T19:04:55.000+00:00,2026-02-10T23:37:41.000+00:00
CALORIES_CONSUMED_GOAL,DAILY,2700.0,0.0,INPROGRESS_SO_FAR_ACHIEVED,false,2026-02-10,2026-02-11,2026-02-10T23:37:17.000+00:00,2026-02-10T23:37:17.000+00:00