[{
  "encodedId" : "228TMK",
  "badgeType" : "DAILY_STEPS",
  "value" : 15000,
  "timesAchieved" : 3,
  "dateTime" : "2021-01-24",
  "name" : "Urban Boot (15,000 steps in a day)",
  "shortName" : "Urban Boot",
  "earnedMessage" : "Congrats on earning your first Urban Boot badge!",
  "description" : "15,000 steps in a day",
  "category" : "Daily Steps",
  "shareText" : "I took 15,000 steps and earned the Urban Boot badge! #Fitbit"
},{
  "encodedId" : "228TQB",
  "badgeType" : "DAILY_STEPS",
  "value" : 10000,
  "timesAchieved" : 22,
  "dateTime" : "2021-01-24",
  "name" : "Sneakers (10,000 steps in a day)",
  "shortName" : "Sneakers",
  "earnedMessage" : "Congrats on earning your first Sneakers badge!",
  "description" : "10,000 steps in a day",
  "category" : "Daily Steps",
  "shareText" : "I took 10,000 steps and earned the Sneakers badge! #Fitbit"
},{
  "encodedId" : "228TQ4",
  "badgeType" : "DAILY_STEPS",
  "value" : 5000,
  "timesAchieved" : 131,
  "dateTime" : "2021-01-26",
  "name" : "Boat Shoe (5,000 steps in a day)",
  "shortName" : "Boat Shoe",
  "earnedMessage" : "Congrats on earning your first Boat Shoe badge!",
  "description" : "5,000 steps in a day",
  "category" : "Daily Steps",
  "shareText" : "I took 5,000 steps and earned the Boat Shoe badge! #Fitbit"
},{
  "encodedId" : "228TSZ",
  "badgeType" : "DAILY_FLOORS",
  "value" : 25,
  "timesAchieved" : 2,
  "dateTime" : "2020-07-04",
  "name" : "Redwood Forest (25 floors in a day)",
  "shortName" : "Redwood Forest",
  "earnedMessage" : "Congrats on earning your first Redwood Forest badge!",
  "description" : "25 floors in a day",
  "category" : "Daily Climb",
  "shareText" : "I climbed 25 flights of stairs and earned the Redwood Forest badge! #Fitbit"
},{
  "encodedId" : "228TTM",
  "badgeType" : "DAILY_FLOORS",
  "value" : 10,
  "timesAchieved" : 29,
  "dateTime" : "2021-01-24",
  "name" : "Happy Hill (10 floors in a day)",
  "shortName" : "Happy Hill",
  "earnedMessage" : "Congrats on earning your first Happy Hill badge!",
  "description" : "10 floors in a day",
  "category" : "Daily Climb",
  "shareText" : "I climbed 10 flights of stairs and earned the Happy Hill badge! #Fitbit"
},{
  "encodedId" : "22B8MG",
  "badgeType" : "LIFETIME_DISTANCE",
  "value" : 500,
  "unit" : "MILES",
  "timesAchieved" : 1,
  "dateTime" : "2020-05-19",
  "name" : "Serengeti (500 lifetime miles)",
  "shortName" : "Serengeti",
  "earnedMessage" : "Whoa! You've earned the Serengeti badge!",
  "description" : "500 lifetime miles",
  "category" : "Lifetime Distance",
  "shareText" : "I covered 500 miles with my #Fitbit and earned the Serengeti badge."
},{
  "encodedId" : "22B8M8",
  "badgeType" : "LIFETIME_DISTANCE",
  "value" : 250,
  "unit" : "MILES",
  "timesAchieved" : 1,
  "dateTime" : "2020-02-06",
  "name" : "London Underground (250 lifetime miles)",
  "shortName" : "London Underground",
  "earnedMessage" : "Whoa! You've earned the London Underground badge!",
  "description" : "250 lifetime miles",
  "category" : "Lifetime Distance",
  "shareText" : "I covered 250 miles with my #Fitbit and earned the London Underground badge."
},{
  "encodedId" : "22B8M7",
  "badgeType" : "LIFETIME_DISTANCE",
  "value" : 70,
  "unit" : "MILES",
  "timesAchieved" : 1,
  "dateTime" : "2019-12-14",
  "name" : "Penguin March (70 lifetime miles)",
  "shortName" : "Penguin March",
  "earnedMessage" : "Whoa! You've earned the Penguin March badge!",
  "description" : "70 lifetime miles",
  "category" : "Lifetime Distance",
  "shareText" : "I covered 70 miles with my #Fitbit and earned the Penguin March badge."
},{
  "encodedId" : "22B8MB",
  "badgeType" : "LIFETIME_DISTANCE",
  "value" : 26,
  "unit" : "MILES",
  "timesAchieved" : 1,
  "dateTime" : "2019-12-03",
  "name" : "Marathon (26 lifetime miles)",
  "shortName" : "Marathon",
  "earnedMessage" : "Whoa! You've earned the Marathon badge!",
  "description" : "26 lifetime miles",
  "category" : "Lifetime Distance",
  "shareText" : "I covered 26 miles with my #Fitbit and earned the Marathon badge."
},{
  "encodedId" : "228T9C",
  "badgeType" : "LIFETIME_FLOORS",
  "value" : 1000,
  "timesAchieved" : 1,
  "dateTime" : "2020-11-12",
  "name" : "Skydiver (1,000 lifetime floors)",
  "shortName" : "Skydiver",
  "earnedMessage" : "Yipee! You've earned the Skydiver badge!",
  "description" : "1,000 lifetime floors",
  "category" : "Lifetime Climb",
  "shareText" : "I climbed 1,000 floors with my #Fitbit and earned the Skydiver badge."
},{
  "encodedId" : "228TB8",
  "badgeType" : "LIFETIME_FLOORS",
  "value" : 500,
  "timesAchieved" : 1,
  "dateTime" : "2020-02-06",
  "name" : "Helicopter (500 lifetime floors)",
  "shortName" : "Helicopter",
  "earnedMessage" : "Yipee! You've earned the Helicopter badge!",
  "description" : "500 lifetime floors",
  "category" : "Lifetime Climb",
  "shareText" : "I climbed 500 floors with my #Fitbit and earned the Helicopter badge."
},{
  "encodedId" : "22984Y",
  "badgeType" : "LIFETIME_WEIGHT_GOAL_SETUP",
  "value" : 1,
  "timesAchieved" : 1,
  "dateTime" : "2019-11-29",
  "name" : "Weight Goal Set",
  "shortName" : "Weight Goal Set",
  "description" : "Weight Goal",
  "category" : "Weight Goal",
  "shareText" : "I set a weight goal. #Fitbit"
}]