[{
  "dateTime" : "03/27/20 00:00:00",
  "value" : "221"
},{
  "dateTime" : "03/28/20 00:00:00",
  "value" : "198"
},{
  "dateTime" : "03/29/20 00:00:00",
  "value" : "158"
},{
  "dateTime" : "03/30/20 00:00:00",
  "value" : "143"
},{
  "dateTime" : "03/31/20 00:00:00",
  "value" : "147"
},{
  "dateTime" : "04/01/20 00:00:00",
  "value" : "291"
},{
  "dateTime" : "04/02/20 00:00:00",
  "value" : "165"
},{
  "dateTime" : "04/03/20 00:00:00",
  "value" : "172"
},{
  "dateTime" : "04/04/20 00:00:00",
  "value" : "287"
},{
  "dateTime" : "04/05/20 00:00:00",
  "value" : "355"
},{
  "dateTime" : "04/06/20 00:00:00",
  "value" : "70"
},{
  "dateTime" : "04/07/20 00:00:00",
  "value" : "180"
},{
  "dateTime" : "04/08/20 00:00:00",
  "value" : "186"
},{
  "dateTime" : "04/09/20 00:00:00",
  "value" : "157"
},{
  "dateTime" : "04/10/20 00:00:00",
  "value" : "172"
},{
  "dateTime" : "04/11/20 00:00:00",
  "value" : "211"
},{
  "dateTime" : "04/12/20 00:00:00",
  "value" : "138"
},{
  "dateTime" : "04/13/20 00:00:00",
  "value" : "175"
},{
  "dateTime" : "04/14/20 00:00:00",
  "value" : "215"
},{
  "dateTime" : "04/15/20 00:00:00",
  "value" : "218"
},{
  "dateTime" : "04/16/20 00:00:00",
  "value" : "105"
},{
  "dateTime" : "04/17/20 00:00:00",
  "value" : "216"
},{
  "dateTime" : "04/18/20 00:00:00",
  "value" : "166"
},{
  "dateTime" : "04/19/20 00:00:00",
  "value" : "118"
},{
  "dateTime" : "04/20/20 00:00:00",
  "value" : "239"
},{
  "dateTime" : "04/21/20 00:00:00",
  "value" : "260"
},{
  "dateTime" : "04/22/20 00:00:00",
  "value" : "310"
},{
  "dateTime" : "04/23/20 00:00:00",
  "value" : "295"
},{
  "dateTime" : "04/24/20 00:00:00",
  "value" : "309"
},{
  "dateTime" : "04/25/20 00:00:00",
  "value" : "262"
}]