[{
  "dateTime" : "01/21/21 00:00:00",
  "value" : "0"
},{
  "dateTime" : "01/22/21 00:00:00",
  "value" : "0"
},{
  "dateTime" : "01/23/21 00:00:00",
  "value" : "258"
},{
  "dateTime" : "01/24/21 00:00:00",
  "value" : "224"
},{
  "dateTime" : "01/25/21 00:00:00",
  "value" : "234"
},{
  "dateTime" : "01/26/21 00:00:00",
  "value" : "445"
},{
  "dateTime" : "01/27/21 00:00:00",
  "value" : "48"
},{
  "dateTime" : "01/28/21 00:00:00",
  "value" : "0"
},{
  "dateTime" : "01/29/21 00:00:00",
  "value" : "0"
},{
  "dateTime" : "01/30/21 00:00:00",
  "value" : "0"
},{
  "dateTime" : "01/31/21 00:00:00",
  "value" : "0"
},{
  "dateTime" : "02/01/21 00:00:00",
  "value" : "0"
},{
  "dateTime" : "02/02/21 00:00:00",
  "value" : "0"
},{
  "dateTime" : "02/03/21 00:00:00",
  "value" : "0"
},{
  "dateTime" : "02/04/21 00:00:00",
  "value" : "0"
},{
  "dateTime" : "02/05/21 00:00:00",
  "value" : "0"
},{
  "dateTime" : "02/06/21 00:00:00",
  "value" : "0"
},{
  "dateTime" : "02/07/21 00:00:00",
  "value" : "34"
},{
  "dateTime" : "02/08/21 00:00:00",
  "value" : "0"
},{
  "dateTime" : "02/09/21 00:00:00",
  "value" : "0"
},{
  "dateTime" : "02/10/21 00:00:00",
  "value" : "0"
},{
  "dateTime" : "02/11/21 00:00:00",
  "value" : "0"
},{
  "dateTime" : "02/12/21 00:00:00",
  "value" : "0"
},{
  "dateTime" : "02/13/21 00:00:00",
  "value" : "0"
},{
  "dateTime" : "02/14/21 00:00:00",
  "value" : "0"
},{
  "dateTime" : "02/15/21 00:00:00",
  "value" : "0"
},{
  "dateTime" : "02/16/21 00:00:00",
  "value" : "0"
},{
  "dateTime" : "02/17/21 00:00:00",
  "value" : "0"
},{
  "dateTime" : "02/18/21 00:00:00",
  "value" : "0"
},{
  "dateTime" : "02/19/21 00:00:00",
  "value" : "0"
}]