[{
  "dateTime" : "07/25/20 00:00:00",
  "value" : "0"
},{
  "dateTime" : "07/26/20 00:00:00",
  "value" : "0"
},{
  "dateTime" : "07/27/20 00:00:00",
  "value" : "0"
},{
  "dateTime" : "07/28/20 00:00:00",
  "value" : "0"
},{
  "dateTime" : "07/29/20 00:00:00",
  "value" : "0"
},{
  "dateTime" : "07/30/20 00:00:00",
  "value" : "0"
},{
  "dateTime" : "07/31/20 00:00:00",
  "value" : "0"
},{
  "dateTime" : "08/01/20 00:00:00",
  "value" : "0"
},{
  "dateTime" : "08/02/20 00:00:00",
  "value" : "0"
},{
  "dateTime" : "08/03/20 00:00:00",
  "value" : "0"
},{
  "dateTime" : "08/04/20 00:00:00",
  "value" : "0"
},{
  "dateTime" : "08/05/20 00:00:00",
  "value" : "0"
},{
  "dateTime" : "08/06/20 00:00:00",
  "value" : "0"
},{
  "dateTime" : "08/07/20 00:00:00",
  "value" : "0"
},{
  "dateTime" : "08/08/20 00:00:00",
  "value" : "0"
},{
  "dateTime" : "08/09/20 00:00:00",
  "value" : "0"
},{
  "dateTime" : "08/10/20 00:00:00",
  "value" : "0"
},{
  "dateTime" : "08/11/20 00:00:00",
  "value" : "0"
},{
  "dateTime" : "08/12/20 00:00:00",
  "value" : "0"
},{
  "dateTime" : "08/13/20 00:00:00",
  "value" : "0"
},{
  "dateTime" : "08/14/20 00:00:00",
  "value" : "0"
},{
  "dateTime" : "08/15/20 00:00:00",
  "value" : "0"
},{
  "dateTime" : "08/16/20 00:00:00",
  "value" : "0"
},{
  "dateTime" : "08/17/20 00:00:00",
  "value" : "0"
},{
  "dateTime" : "08/18/20 00:00:00",
  "value" : "0"
},{
  "dateTime" : "08/19/20 00:00:00",
  "value" : "0"
},{
  "dateTime" : "08/20/20 00:00:00",
  "value" : "0"
},{
  "dateTime" : "08/21/20 00:00:00",
  "value" : "0"
},{
  "dateTime" : "08/22/20 00:00:00",
  "value" : "0"
},{
  "dateTime" : "08/23/20 00:00:00",
  "value" : "0"
}]