[{
  "dateTime" : "04/05/24 00:00:00",
  "value" : "0"
},{
  "dateTime" : "04/06/24 00:00:00",
  "value" : "0"
},{
  "dateTime" : "04/07/24 00:00:00",
  "value" : "0"
},{
  "dateTime" : "04/08/24 00:00:00",
  "value" : "0"
},{
  "dateTime" : "04/09/24 00:00:00",
  "value" : "0"
},{
  "dateTime" : "04/10/24 00:00:00",
  "value" : "0"
},{
  "dateTime" : "04/11/24 00:00:00",
  "value" : "0"
},{
  "dateTime" : "04/12/24 00:00:00",
  "value" : "0"
},{
  "dateTime" : "04/13/24 00:00:00",
  "value" : "0"
},{
  "dateTime" : "04/14/24 00:00:00",
  "value" : "0"
},{
  "dateTime" : "04/15/24 00:00:00",
  "value" : "0"
},{
  "dateTime" : "04/16/24 00:00:00",
  "value" : "0"
},{
  "dateTime" : "04/17/24 00:00:00",
  "value" : "0"
},{
  "dateTime" : "04/18/24 00:00:00",
  "value" : "0"
},{
  "dateTime" : "04/19/24 00:00:00",
  "value" : "0"
},{
  "dateTime" : "04/20/24 00:00:00",
  "value" : "0"
},{
  "dateTime" : "04/21/24 00:00:00",
  "value" : "0"
},{
  "dateTime" : "04/22/24 00:00:00",
  "value" : "0"
},{
  "dateTime" : "04/23/24 00:00:00",
  "value" : "0"
},{
  "dateTime" : "04/24/24 00:00:00",
  "value" : "0"
},{
  "dateTime" : "04/25/24 00:00:00",
  "value" : "0"
},{
  "dateTime" : "04/26/24 00:00:00",
  "value" : "0"
},{
  "dateTime" : "04/27/24 00:00:00",
  "value" : "0"
},{
  "dateTime" : "04/28/24 00:00:00",
  "value" : "0"
},{
  "dateTime" : "04/29/24 00:00:00",
  "value" : "0"
},{
  "dateTime" : "04/30/24 00:00:00",
  "value" : "0"
},{
  "dateTime" : "05/01/24 00:00:00",
  "value" : "0"
},{
  "dateTime" : "05/02/24 00:00:00",
  "value" : "0"
},{
  "dateTime" : "05/03/24 00:00:00",
  "value" : "0"
},{
  "dateTime" : "05/04/24 00:00:00",
  "value" : "0"
}]