[{
  "dateTime" : "05/16/22 00:00:00",
  "value" : "0"
},{
  "dateTime" : "05/17/22 00:00:00",
  "value" : "0"
},{
  "dateTime" : "05/18/22 00:00:00",
  "value" : "0"
},{
  "dateTime" : "05/19/22 00:00:00",
  "value" : "0"
},{
  "dateTime" : "05/20/22 00:00:00",
  "value" : "0"
},{
  "dateTime" : "05/21/22 00:00:00",
  "value" : "0"
},{
  "dateTime" : "05/22/22 00:00:00",
  "value" : "0"
},{
  "dateTime" : "05/23/22 00:00:00",
  "value" : "0"
},{
  "dateTime" : "05/24/22 00:00:00",
  "value" : "0"
},{
  "dateTime" : "05/25/22 00:00:00",
  "value" : "0"
},{
  "dateTime" : "05/26/22 00:00:00",
  "value" : "0"
},{
  "dateTime" : "05/27/22 00:00:00",
  "value" : "0"
},{
  "dateTime" : "05/28/22 00:00:00",
  "value" : "0"
},{
  "dateTime" : "05/29/22 00:00:00",
  "value" : "0"
},{
  "dateTime" : "05/30/22 00:00:00",
  "value" : "0"
},{
  "dateTime" : "05/31/22 00:00:00",
  "value" : "0"
},{
  "dateTime" : "06/01/22 00:00:00",
  "value" : "0"
},{
  "dateTime" : "06/02/22 00:00:00",
  "value" : "0"
},{
  "dateTime" : "06/03/22 00:00:00",
  "value" : "0"
},{
  "dateTime" : "06/04/22 00:00:00",
  "value" : "0"
},{
  "dateTime" : "06/05/22 00:00:00",
  "value" : "0"
},{
  "dateTime" : "06/06/22 00:00:00",
  "value" : "0"
},{
  "dateTime" : "06/07/22 00:00:00",
  "value" : "0"
},{
  "dateTime" : "06/08/22 00:00:00",
  "value" : "0"
},{
  "dateTime" : "06/09/22 00:00:00",
  "value" : "0"
},{
  "dateTime" : "06/10/22 00:00:00",
  "value" : "0"
},{
  "dateTime" : "06/11/22 00:00:00",
  "value" : "0"
},{
  "dateTime" : "06/12/22 00:00:00",
  "value" : "0"
},{
  "dateTime" : "06/13/22 00:00:00",
  "value" : "0"
},{
  "dateTime" : "06/14/22 00:00:00",
  "value" : "0"
}]