[{
  "dateTime" : "11/22/20 00:00:00",
  "value" : "0"
},{
  "dateTime" : "11/23/20 00:00:00",
  "value" : "0"
},{
  "dateTime" : "11/24/20 00:00:00",
  "value" : "0"
},{
  "dateTime" : "11/25/20 00:00:00",
  "value" : "0"
},{
  "dateTime" : "11/26/20 00:00:00",
  "value" : "0"
},{
  "dateTime" : "11/27/20 00:00:00",
  "value" : "0"
},{
  "dateTime" : "11/28/20 00:00:00",
  "value" : "0"
},{
  "dateTime" : "11/29/20 00:00:00",
  "value" : "0"
},{
  "dateTime" : "11/30/20 00:00:00",
  "value" : "0"
},{
  "dateTime" : "12/01/20 00:00:00",
  "value" : "25"
},{
  "dateTime" : "12/02/20 00:00:00",
  "value" : "55"
},{
  "dateTime" : "12/03/20 00:00:00",
  "value" : "133"
},{
  "dateTime" : "12/04/20 00:00:00",
  "value" : "0"
},{
  "dateTime" : "12/05/20 00:00:00",
  "value" : "0"
},{
  "dateTime" : "12/06/20 00:00:00",
  "value" : "108"
},{
  "dateTime" : "12/07/20 00:00:00",
  "value" : "112"
},{
  "dateTime" : "12/08/20 00:00:00",
  "value" : "0"
},{
  "dateTime" : "12/09/20 00:00:00",
  "value" : "0"
},{
  "dateTime" : "12/10/20 00:00:00",
  "value" : "26"
},{
  "dateTime" : "12/11/20 00:00:00",
  "value" : "0"
},{
  "dateTime" : "12/12/20 00:00:00",
  "value" : "0"
},{
  "dateTime" : "12/13/20 00:00:00",
  "value" : "0"
},{
  "dateTime" : "12/14/20 00:00:00",
  "value" : "12"
},{
  "dateTime" : "12/15/20 00:00:00",
  "value" : "81"
},{
  "dateTime" : "12/16/20 00:00:00",
  "value" : "244"
},{
  "dateTime" : "12/17/20 00:00:00",
  "value" : "164"
},{
  "dateTime" : "12/18/20 00:00:00",
  "value" : "0"
},{
  "dateTime" : "12/19/20 00:00:00",
  "value" : "0"
},{
  "dateTime" : "12/20/20 00:00:00",
  "value" : "29"
},{
  "dateTime" : "12/21/20 00:00:00",
  "value" : "0"
}]