[{
  "dateTime" : "02/26/20 00:00:00",
  "value" : "332"
},{
  "dateTime" : "02/27/20 00:00:00",
  "value" : "338"
},{
  "dateTime" : "02/28/20 00:00:00",
  "value" : "329"
},{
  "dateTime" : "02/29/20 00:00:00",
  "value" : "389"
},{
  "dateTime" : "03/01/20 00:00:00",
  "value" : "256"
},{
  "dateTime" : "03/02/20 00:00:00",
  "value" : "236"
},{
  "dateTime" : "03/03/20 00:00:00",
  "value" : "192"
},{
  "dateTime" : "03/04/20 00:00:00",
  "value" : "267"
},{
  "dateTime" : "03/05/20 00:00:00",
  "value" : "174"
},{
  "dateTime" : "03/06/20 00:00:00",
  "value" : "261"
},{
  "dateTime" : "03/07/20 00:00:00",
  "value" : "286"
},{
  "dateTime" : "03/08/20 00:00:00",
  "value" : "208"
},{
  "dateTime" : "03/09/20 00:00:00",
  "value" : "189"
},{
  "dateTime" : "03/10/20 00:00:00",
  "value" : "207"
},{
  "dateTime" : "03/11/20 00:00:00",
  "value" : "376"
},{
  "dateTime" : "03/12/20 00:00:00",
  "value" : "374"
},{
  "dateTime" : "03/13/20 00:00:00",
  "value" : "432"
},{
  "dateTime" : "03/14/20 00:00:00",
  "value" : "213"
},{
  "dateTime" : "03/15/20 00:00:00",
  "value" : "248"
},{
  "dateTime" : "03/16/20 00:00:00",
  "value" : "251"
},{
  "dateTime" : "03/17/20 00:00:00",
  "value" : "169"
},{
  "dateTime" : "03/18/20 00:00:00",
  "value" : "266"
},{
  "dateTime" : "03/19/20 00:00:00",
  "value" : "252"
},{
  "dateTime" : "03/20/20 00:00:00",
  "value" : "223"
},{
  "dateTime" : "03/21/20 00:00:00",
  "value" : "319"
},{
  "dateTime" : "03/22/20 00:00:00",
  "value" : "229"
},{
  "dateTime" : "03/23/20 00:00:00",
  "value" : "428"
},{
  "dateTime" : "03/24/20 00:00:00",
  "value" : "214"
},{
  "dateTime" : "03/25/20 00:00:00",
  "value" : "155"
},{
  "dateTime" : "03/26/20 00:00:00",
  "value" : "169"
}]