[{
  "dateTime" : "06/20/21 00:00:00",
  "value" : "0"
},{
  "dateTime" : "06/21/21 00:00:00",
  "value" : "0"
},{
  "dateTime" : "06/22/21 00:00:00",
  "value" : "0"
},{
  "dateTime" : "06/23/21 00:00:00",
  "value" : "0"
},{
  "dateTime" : "06/24/21 00:00:00",
  "value" : "0"
},{
  "dateTime" : "06/25/21 00:00:00",
  "value" : "0"
},{
  "dateTime" : "06/26/21 00:00:00",
  "value" : "0"
},{
  "dateTime" : "06/27/21 00:00:00",
  "value" : "0"
},{
  "dateTime" : "06/28/21 00:00:00",
  "value" : "0"
},{
  "dateTime" : "06/29/21 00:00:00",
  "value" : "0"
},{
  "dateTime" : "06/30/21 00:00:00",
  "value" : "0"
},{
  "dateTime" : "07/01/21 00:00:00",
  "value" : "0"
},{
  "dateTime" : "07/02/21 00:00:00",
  "value" : "0"
},{
  "dateTime" : "07/03/21 00:00:00",
  "value" : "0"
},{
  "dateTime" : "07/04/21 00:00:00",
  "value" : "0"
},{
  "dateTime" : "07/05/21 00:00:00",
  "value" : "0"
},{
  "dateTime" : "07/06/21 00:00:00",
  "value" : "0"
},{
  "dateTime" : "07/07/21 00:00:00",
  "value" : "0"
},{
  "dateTime" : "07/08/21 00:00:00",
  "value" : "0"
},{
  "dateTime" : "07/09/21 00:00:00",
  "value" : "0"
},{
  "dateTime" : "07/10/21 00:00:00",
  "value" : "0"
},{
  "dateTime" : "07/11/21 00:00:00",
  "value" : "0"
},{
  "dateTime" : "07/12/21 00:00:00",
  "value" : "0"
},{
  "dateTime" : "07/13/21 00:00:00",
  "value" : "0"
},{
  "dateTime" : "07/14/21 00:00:00",
  "value" : "0"
},{
  "dateTime" : "07/15/21 00:00:00",
  "value" : "0"
},{
  "dateTime" : "07/16/21 00:00:00",
  "value" : "0"
},{
  "dateTime" : "07/17/21 00:00:00",
  "value" : "0"
},{
  "dateTime" : "07/18/21 00:00:00",
  "value" : "0"
},{
  "dateTime" : "07/19/21 00:00:00",
  "value" : "0"
}]