[{
  "dateTime" : "05/21/21 00:00:00",
  "value" : "0"
},{
  "dateTime" : "05/22/21 00:00:00",
  "value" : "0"
},{
  "dateTime" : "05/23/21 00:00:00",
  "value" : "0"
},{
  "dateTime" : "05/24/21 00:00:00",
  "value" : "0"
},{
  "dateTime" : "05/25/21 00:00:00",
  "value" : "0"
},{
  "dateTime" : "05/26/21 00:00:00",
  "value" : "0"
},{
  "dateTime" : "05/27/21 00:00:00",
  "value" : "0"
},{
  "dateTime" : "05/28/21 00:00:00",
  "value" : "0"
},{
  "dateTime" : "05/29/21 00:00:00",
  "value" : "0"
},{
  "dateTime" : "05/30/21 00:00:00",
  "value" : "0"
},{
  "dateTime" : "05/31/21 00:00:00",
  "value" : "0"
},{
  "dateTime" : "06/01/21 00:00:00",
  "value" : "0"
},{
  "dateTime" : "06/02/21 00:00:00",
  "value" : "0"
},{
  "dateTime" : "06/03/21 00:00:00",
  "value" : "0"
},{
  "dateTime" : "06/04/21 00:00:00",
  "value" : "0"
},{
  "dateTime" : "06/05/21 00:00:00",
  "value" : "0"
},{
  "dateTime" : "06/06/21 00:00:00",
  "value" : "0"
},{
  "dateTime" : "06/07/21 00:00:00",
  "value" : "0"
},{
  "dateTime" : "06/08/21 00:00:00",
  "value" : "0"
},{
  "dateTime" : "06/09/21 00:00:00",
  "value" : "0"
},{
  "dateTime" : "06/10/21 00:00:00",
  "value" : "0"
},{
  "dateTime" : "06/11/21 00:00:00",
  "value" : "0"
},{
  "dateTime" : "06/12/21 00:00:00",
  "value" : "0"
},{
  "dateTime" : "06/13/21 00:00:00",
  "value" : "0"
},{
  "dateTime" : "06/14/21 00:00:00",
  "value" : "0"
},{
  "dateTime" : "06/15/21 00:00:00",
  "value" : "0"
},{
  "dateTime" : "06/16/21 00:00:00",
  "value" : "0"
},{
  "dateTime" : "06/17/21 00:00:00",
  "value" : "0"
},{
  "dateTime" : "06/18/21 00:00:00",
  "value" : "0"
},{
  "dateTime" : "06/19/21 00:00:00",
  "value" : "0"
}]