[{
  "dateTime" : "04/21/21 00:00:00",
  "value" : "0"
},{
  "dateTime" : "04/22/21 00:00:00",
  "value" : "0"
},{
  "dateTime" : "04/23/21 00:00:00",
  "value" : "0"
},{
  "dateTime" : "04/24/21 00:00:00",
  "value" : "0"
},{
  "dateTime" : "04/25/21 00:00:00",
  "value" : "0"
},{
  "dateTime" : "04/26/21 00:00:00",
  "value" : "0"
},{
  "dateTime" : "04/27/21 00:00:00",
  "value" : "0"
},{
  "dateTime" : "04/28/21 00:00:00",
  "value" : "0"
},{
  "dateTime" : "04/29/21 00:00:00",
  "value" : "0"
},{
  "dateTime" : "04/30/21 00:00:00",
  "value" : "0"
},{
  "dateTime" : "05/01/21 00:00:00",
  "value" : "0"
},{
  "dateTime" : "05/02/21 00:00:00",
  "value" : "0"
},{
  "dateTime" : "05/03/21 00:00:00",
  "value" : "0"
},{
  "dateTime" : "05/04/21 00:00:00",
  "value" : "0"
},{
  "dateTime" : "05/05/21 00:00:00",
  "value" : "0"
},{
  "dateTime" : "05/06/21 00:00:00",
  "value" : "0"
},{
  "dateTime" : "05/07/21 00:00:00",
  "value" : "0"
},{
  "dateTime" : "05/08/21 00:00:00",
  "value" : "0"
},{
  "dateTime" : "05/09/21 00:00:00",
  "value" : "0"
},{
  "dateTime" : "05/10/21 00:00:00",
  "value" : "0"
},{
  "dateTime" : "05/11/21 00:00:00",
  "value" : "0"
},{
  "dateTime" : "05/12/21 00:00:00",
  "value" : "0"
},{
  "dateTime" : "05/13/21 00:00:00",
  "value" : "0"
},{
  "dateTime" : "05/14/21 00:00:00",
  "value" : "0"
},{
  "dateTime" : "05/15/21 00:00:00",
  "value" : "0"
},{
  "dateTime" : "05/16/21 00:00:00",
  "value" : "0"
},{
  "dateTime" : "05/17/21 00:00:00",
  "value" : "0"
},{
  "dateTime" : "05/18/21 00:00:00",
  "value" : "0"
},{
  "dateTime" : "05/19/21 00:00:00",
  "value" : "0"
},{
  "dateTime" : "05/20/21 00:00:00",
  "value" : "0"
}]