[{
  "dateTime" : "05/26/20 00:00:00",
  "value" : "166"
},{
  "dateTime" : "05/27/20 00:00:00",
  "value" : "301"
},{
  "dateTime" : "05/28/20 00:00:00",
  "value" : "235"
},{
  "dateTime" : "05/29/20 00:00:00",
  "value" : "192"
},{
  "dateTime" : "05/30/20 00:00:00",
  "value" : "393"
},{
  "dateTime" : "05/31/20 00:00:00",
  "value" : "220"
},{
  "dateTime" : "06/01/20 00:00:00",
  "value" : "195"
},{
  "dateTime" : "06/02/20 00:00:00",
  "value" : "141"
},{
  "dateTime" : "06/03/20 00:00:00",
  "value" : "159"
},{
  "dateTime" : "06/04/20 00:00:00",
  "value" : "201"
},{
  "dateTime" : "06/05/20 00:00:00",
  "value" : "102"
},{
  "dateTime" : "06/06/20 00:00:00",
  "value" : "244"
},{
  "dateTime" : "06/07/20 00:00:00",
  "value" : "136"
},{
  "dateTime" : "06/08/20 00:00:00",
  "value" : "206"
},{
  "dateTime" : "06/09/20 00:00:00",
  "value" : "204"
},{
  "dateTime" : "06/10/20 00:00:00",
  "value" : "196"
},{
  "dateTime" : "06/11/20 00:00:00",
  "value" : "134"
},{
  "dateTime" : "06/12/20 00:00:00",
  "value" : "197"
},{
  "dateTime" : "06/13/20 00:00:00",
  "value" : "209"
},{
  "dateTime" : "06/14/20 00:00:00",
  "value" : "239"
},{
  "dateTime" : "06/15/20 00:00:00",
  "value" : "281"
},{
  "dateTime" : "06/16/20 00:00:00",
  "value" : "295"
},{
  "dateTime" : "06/17/20 00:00:00",
  "value" : "299"
},{
  "dateTime" : "06/18/20 00:00:00",
  "value" : "356"
},{
  "dateTime" : "06/19/20 00:00:00",
  "value" : "187"
},{
  "dateTime" : "06/20/20 00:00:00",
  "value" : "285"
},{
  "dateTime" : "06/21/20 00:00:00",
  "value" : "149"
},{
  "dateTime" : "06/22/20 00:00:00",
  "value" : "242"
},{
  "dateTime" : "06/23/20 00:00:00",
  "value" : "299"
},{
  "dateTime" : "06/24/20 00:00:00",
  "value" : "245"
}]