[{
  "dateTime" : "07/15/22 00:00:00",
  "value" : "0"
},{
  "dateTime" : "07/16/22 00:00:00",
  "value" : "0"
},{
  "dateTime" : "07/17/22 00:00:00",
  "value" : "0"
},{
  "dateTime" : "07/18/22 00:00:00",
  "value" : "0"
},{
  "dateTime" : "07/19/22 00:00:00",
  "value" : "0"
},{
  "dateTime" : "07/20/22 00:00:00",
  "value" : "0"
},{
  "dateTime" : "07/21/22 00:00:00",
  "value" : "0"
},{
  "dateTime" : "07/22/22 00:00:00",
  "value" : "0"
},{
  "dateTime" : "07/23/22 00:00:00",
  "value" : "0"
},{
  "dateTime" : "07/24/22 00:00:00",
  "value" : "0"
},{
  "dateTime" : "07/25/22 00:00:00",
  "value" : "0"
},{
  "dateTime" : "07/26/22 00:00:00",
  "value" : "0"
},{
  "dateTime" : "07/27/22 00:00:00",
  "value" : "0"
},{
  "dateTime" : "07/28/22 00:00:00",
  "value" : "0"
},{
  "dateTime" : "07/29/22 00:00:00",
  "value" : "0"
},{
  "dateTime" : "07/30/22 00:00:00",
  "value" : "0"
},{
  "dateTime" : "07/31/22 00:00:00",
  "value" : "0"
},{
  "dateTime" : "08/01/22 00:00:00",
  "value" : "0"
},{
  "dateTime" : "08/02/22 00:00:00",
  "value" : "0"
},{
  "dateTime" : "08/03/22 00:00:00",
  "value" : "0"
},{
  "dateTime" : "08/04/22 00:00:00",
  "value" : "0"
},{
  "dateTime" : "08/05/22 00:00:00",
  "value" : "0"
},{
  "dateTime" : "08/06/22 00:00:00",
  "value" : "0"
},{
  "dateTime" : "08/07/22 00:00:00",
  "value" : "0"
},{
  "dateTime" : "08/08/22 00:00:00",
  "value" : "0"
},{
  "dateTime" : "08/09/22 00:00:00",
  "value" : "0"
},{
  "dateTime" : "08/10/22 00:00:00",
  "value" : "0"
},{
  "dateTime" : "08/11/22 00:00:00",
  "value" : "0"
},{
  "dateTime" : "08/12/22 00:00:00",
  "value" : "0"
},{
  "dateTime" : "08/13/22 00:00:00",
  "value" : "0"
}]