[{
  "dateTime" : "01/16/22 00:00:00",
  "value" : "0"
},{
  "dateTime" : "01/17/22 00:00:00",
  "value" : "0"
},{
  "dateTime" : "01/18/22 00:00:00",
  "value" : "0"
},{
  "dateTime" : "01/19/22 00:00:00",
  "value" : "0"
},{
  "dateTime" : "01/20/22 00:00:00",
  "value" : "0"
},{
  "dateTime" : "01/21/22 00:00:00",
  "value" : "0"
},{
  "dateTime" : "01/22/22 00:00:00",
  "value" : "0"
},{
  "dateTime" : "01/23/22 00:00:00",
  "value" : "0"
},{
  "dateTime" : "01/24/22 00:00:00",
  "value" : "0"
},{
  "dateTime" : "01/25/22 00:00:00",
  "value" : "0"
},{
  "dateTime" : "01/26/22 00:00:00",
  "value" : "0"
},{
  "dateTime" : "01/27/22 00:00:00",
  "value" : "0"
},{
  "dateTime" : "01/28/22 00:00:00",
  "value" : "0"
},{
  "dateTime" : "01/29/22 00:00:00",
  "value" : "0"
},{
  "dateTime" : "01/30/22 00:00:00",
  "value" : "0"
},{
  "dateTime" : "01/31/22 00:00:00",
  "value" : "0"
},{
  "dateTime" : "02/01/22 00:00:00",
  "value" : "0"
},{
  "dateTime" : "02/02/22 00:00:00",
  "value" : "0"
},{
  "dateTime" : "02/03/22 00:00:00",
  "value" : "0"
},{
  "dateTime" : "02/04/22 00:00:00",
  "value" : "0"
},{
  "dateTime" : "02/05/22 00:00:00",
  "value" : "0"
},{
  "dateTime" : "02/06/22 00:00:00",
  "value" : "0"
},{
  "dateTime" : "02/07/22 00:00:00",
  "value" : "0"
},{
  "dateTime" : "02/08/22 00:00:00",
  "value" : "0"
},{
  "dateTime" : "02/09/22 00:00:00",
  "value" : "0"
},{
  "dateTime" : "02/10/22 00:00:00",
  "value" : "0"
},{
  "dateTime" : "02/11/22 00:00:00",
  "value" : "0"
},{
  "dateTime" : "02/12/22 00:00:00",
  "value" : "0"
},{
  "dateTime" : "02/13/22 00:00:00",
  "value" : "0"
},{
  "dateTime" : "02/14/22 00:00:00",
  "value" : "0"
}]