[{
  "dateTime" : "10/23/20 00:00:00",
  "value" : "0"
},{
  "dateTime" : "10/24/20 00:00:00",
  "value" : "0"
},{
  "dateTime" : "10/25/20 00:00:00",
  "value" : "0"
},{
  "dateTime" : "10/26/20 00:00:00",
  "value" : "0"
},{
  "dateTime" : "10/27/20 00:00:00",
  "value" : "0"
},{
  "dateTime" : "10/28/20 00:00:00",
  "value" : "0"
},{
  "dateTime" : "10/29/20 00:00:00",
  "value" : "0"
},{
  "dateTime" : "10/30/20 00:00:00",
  "value" : "0"
},{
  "dateTime" : "10/31/20 00:00:00",
  "value" : "0"
},{
  "dateTime" : "11/01/20 00:00:00",
  "value" : "0"
},{
  "dateTime" : "11/02/20 00:00:00",
  "value" : "0"
},{
  "dateTime" : "11/03/20 00:00:00",
  "value" : "0"
},{
  "dateTime" : "11/04/20 00:00:00",
  "value" : "0"
},{
  "dateTime" : "11/05/20 00:00:00",
  "value" : "0"
},{
  "dateTime" : "11/06/20 00:00:00",
  "value" : "0"
},{
  "dateTime" : "11/07/20 00:00:00",
  "value" : "0"
},{
  "dateTime" : "11/08/20 00:00:00",
  "value" : "0"
},{
  "dateTime" : "11/09/20 00:00:00",
  "value" : "0"
},{
  "dateTime" : "11/10/20 00:00:00",
  "value" : "0"
},{
  "dateTime" : "11/11/20 00:00:00",
  "value" : "0"
},{
  "dateTime" : "11/12/20 00:00:00",
  "value" : "0"
},{
  "dateTime" : "11/13/20 00:00:00",
  "value" : "0"
},{
  "dateTime" : "11/14/20 00:00:00",
  "value" : "0"
},{
  "dateTime" : "11/15/20 00:00:00",
  "value" : "0"
},{
  "dateTime" : "11/16/20 00:00:00",
  "value" : "0"
},{
  "dateTime" : "11/17/20 00:00:00",
  "value" : "0"
},{
  "dateTime" : "11/18/20 00:00:00",
  "value" : "0"
},{
  "dateTime" : "11/19/20 00:00:00",
  "value" : "0"
},{
  "dateTime" : "11/20/20 00:00:00",
  "value" : "0"
},{
  "dateTime" : "11/21/20 00:00:00",
  "value" : "0"
}]