[{
  "dateTime" : "01/27/20 00:00:00",
  "value" : "279"
},{
  "dateTime" : "01/28/20 00:00:00",
  "value" : "311"
},{
  "dateTime" : "01/29/20 00:00:00",
  "value" : "385"
},{
  "dateTime" : "01/30/20 00:00:00",
  "value" : "323"
},{
  "dateTime" : "01/31/20 00:00:00",
  "value" : "406"
},{
  "dateTime" : "02/01/20 00:00:00",
  "value" : "208"
},{
  "dateTime" : "02/02/20 00:00:00",
  "value" : "201"
},{
  "dateTime" : "02/03/20 00:00:00",
  "value" : "216"
},{
  "dateTime" : "02/04/20 00:00:00",
  "value" : "202"
},{
  "dateTime" : "02/05/20 00:00:00",
  "value" : "112"
},{
  "dateTime" : "02/06/20 00:00:00",
  "value" : "106"
},{
  "dateTime" : "02/07/20 00:00:00",
  "value" : "0"
},{
  "dateTime" : "02/08/20 00:00:00",
  "value" : "0"
},{
  "dateTime" : "02/09/20 00:00:00",
  "value" : "0"
},{
  "dateTime" : "02/10/20 00:00:00",
  "value" : "0"
},{
  "dateTime" : "02/11/20 00:00:00",
  "value" : "0"
},{
  "dateTime" : "02/12/20 00:00:00",
  "value" : "0"
},{
  "dateTime" : "02/13/20 00:00:00",
  "value" : "0"
},{
  "dateTime" : "02/14/20 00:00:00",
  "value" : "0"
},{
  "dateTime" : "02/15/20 00:00:00",
  "value" : "0"
},{
  "dateTime" : "02/16/20 00:00:00",
  "value" : "0"
},{
  "dateTime" : "02/17/20 00:00:00",
  "value" : "0"
},{
  "dateTime" : "02/18/20 00:00:00",
  "value" : "0"
},{
  "dateTime" : "02/19/20 00:00:00",
  "value" : "194"
},{
  "dateTime" : "02/20/20 00:00:00",
  "value" : "279"
},{
  "dateTime" : "02/21/20 00:00:00",
  "value" : "272"
},{
  "dateTime" : "02/22/20 00:00:00",
  "value" : "185"
},{
  "dateTime" : "02/23/20 00:00:00",
  "value" : "347"
},{
  "dateTime" : "02/24/20 00:00:00",
  "value" : "217"
},{
  "dateTime" : "02/25/20 00:00:00",
  "value" : "280"
}]