[{
  "dateTime" : "06/10/23 00:00:00",
  "value" : "0"
},{
  "dateTime" : "06/11/23 00:00:00",
  "value" : "0"
},{
  "dateTime" : "06/12/23 00:00:00",
  "value" : "0"
},{
  "dateTime" : "06/13/23 00:00:00",
  "value" : "0"
},{
  "dateTime" : "06/14/23 00:00:00",
  "value" : "0"
},{
  "dateTime" : "06/15/23 00:00:00",
  "value" : "0"
},{
  "dateTime" : "06/16/23 00:00:00",
  "value" : "0"
},{
  "dateTime" : "06/17/23 00:00:00",
  "value" : "0"
},{
  "dateTime" : "06/18/23 00:00:00",
  "value" : "0"
},{
  "dateTime" : "06/19/23 00:00:00",
  "value" : "0"
},{
  "dateTime" : "06/20/23 00:00:00",
  "value" : "0"
},{
  "dateTime" : "06/21/23 00:00:00",
  "value" : "0"
},{
  "dateTime" : "06/22/23 00:00:00",
  "value" : "0"
},{
  "dateTime" : "06/23/23 00:00:00",
  "value" : "0"
},{
  "dateTime" : "06/24/23 00:00:00",
  "value" : "0"
},{
  "dateTime" : "06/25/23 00:00:00",
  "value" : "0"
},{
  "dateTime" : "06/26/23 00:00:00",
  "value" : "0"
},{
  "dateTime" : "06/27/23 00:00:00",
  "value" : "0"
},{
  "dateTime" : "06/28/23 00:00:00",
  "value" : "0"
},{
  "dateTime" : "06/29/23 00:00:00",
  "value" : "0"
},{
  "dateTime" : "06/30/23 00:00:00",
  "value" : "0"
},{
  "dateTime" : "07/01/23 00:00:00",
  "value" : "0"
},{
  "dateTime" : "07/02/23 00:00:00",
  "value" : "0"
},{
  "dateTime" : "07/03/23 00:00:00",
  "value" : "0"
},{
  "dateTime" : "07/04/23 00:00:00",
  "value" : "0"
},{
  "dateTime" : "07/05/23 00:00:00",
  "value" : "0"
},{
  "dateTime" : "07/06/23 00:00:00",
  "value" : "0"
},{
  "dateTime" : "07/07/23 00:00:00",
  "value" : "0"
},{
  "dateTime" : "07/08/23 00:00:00",
  "value" : "0"
},{
  "dateTime" : "07/09/23 00:00:00",
  "value" : "0"
}]