[{
  "dateTime" : "04/26/20 00:00:00",
  "value" : "256"
},{
  "dateTime" : "04/27/20 00:00:00",
  "value" : "199"
},{
  "dateTime" : "04/28/20 00:00:00",
  "value" : "141"
},{
  "dateTime" : "04/29/20 00:00:00",
  "value" : "247"
},{
  "dateTime" : "04/30/20 00:00:00",
  "value" : "158"
},{
  "dateTime" : "05/01/20 00:00:00",
  "value" : "200"
},{
  "dateTime" : "05/02/20 00:00:00",
  "value" : "284"
},{
  "dateTime" : "05/03/20 00:00:00",
  "value" : "232"
},{
  "dateTime" : "05/04/20 00:00:00",
  "value" : "253"
},{
  "dateTime" : "05/05/20 00:00:00",
  "value" : "165"
},{
  "dateTime" : "05/06/20 00:00:00",
  "value" : "149"
},{
  "dateTime" : "05/07/20 00:00:00",
  "value" : "173"
},{
  "dateTime" : "05/08/20 00:00:00",
  "value" : "198"
},{
  "dateTime" : "05/09/20 00:00:00",
  "value" : "232"
},{
  "dateTime" : "05/10/20 00:00:00",
  "value" : "170"
},{
  "dateTime" : "05/11/20 00:00:00",
  "value" : "228"
},{
  "dateTime" : "05/12/20 00:00:00",
  "value" : "178"
},{
  "dateTime" : "05/13/20 00:00:00",
  "value" : "228"
},{
  "dateTime" : "05/14/20 00:00:00",
  "value" : "133"
},{
  "dateTime" : "05/15/20 00:00:00",
  "value" : "269"
},{
  "dateTime" : "05/16/20 00:00:00",
  "value" : "291"
},{
  "dateTime" : "05/17/20 00:00:00",
  "value" : "162"
},{
  "dateTime" : "05/18/20 00:00:00",
  "value" : "259"
},{
  "dateTime" : "05/19/20 00:00:00",
  "value" : "103"
},{
  "dateTime" : "05/20/20 00:00:00",
  "value" : "245"
},{
  "dateTime" : "05/21/20 00:00:00",
  "value" : "144"
},{
  "dateTime" : "05/22/20 00:00:00",
  "value" : "204"
},{
  "dateTime" : "05/23/20 00:00:00",
  "value" : "174"
},{
  "dateTime" : "05/24/20 00:00:00",
  "value" : "284"
},{
  "dateTime" : "05/25/20 00:00:00",
  "value" : "161"
}]