[{
  "dateTime" : "12/28/19 00:00:00",
  "value" : "196"
},{
  "dateTime" : "12/29/19 00:00:00",
  "value" : "145"
},{
  "dateTime" : "12/30/19 00:00:00",
  "value" : "184"
},{
  "dateTime" : "12/31/19 00:00:00",
  "value" : "259"
},{
  "dateTime" : "01/01/20 00:00:00",
  "value" : "144"
},{
  "dateTime" : "01/02/20 00:00:00",
  "value" : "182"
},{
  "dateTime" : "01/03/20 00:00:00",
  "value" : "229"
},{
  "dateTime" : "01/04/20 00:00:00",
  "value" : "245"
},{
  "dateTime" : "01/05/20 00:00:00",
  "value" : "378"
},{
  "dateTime" : "01/06/20 00:00:00",
  "value" : "254"
},{
  "dateTime" : "01/07/20 00:00:00",
  "value" : "217"
},{
  "dateTime" : "01/08/20 00:00:00",
  "value" : "234"
},{
  "dateTime" : "01/09/20 00:00:00",
  "value" : "254"
},{
  "dateTime" : "01/10/20 00:00:00",
  "value" : "268"
},{
  "dateTime" : "01/11/20 00:00:00",
  "value" : "142"
},{
  "dateTime" : "01/12/20 00:00:00",
  "value" : "180"
},{
  "dateTime" : "01/13/20 00:00:00",
  "value" : "158"
},{
  "dateTime" : "01/14/20 00:00:00",
  "value" : "259"
},{
  "dateTime" : "01/15/20 00:00:00",
  "value" : "185"
},{
  "dateTime" : "01/16/20 00:00:00",
  "value" : "230"
},{
  "dateTime" : "01/17/20 00:00:00",
  "value" : "268"
},{
  "dateTime" : "01/18/20 00:00:00",
  "value" : "338"
},{
  "dateTime" : "01/19/20 00:00:00",
  "value" : "228"
},{
  "dateTime" : "01/20/20 00:00:00",
  "value" : "306"
},{
  "dateTime" : "01/21/20 00:00:00",
  "value" : "217"
},{
  "dateTime" : "01/22/20 00:00:00",
  "value" : "184"
},{
  "dateTime" : "01/23/20 00:00:00",
  "value" : "273"
},{
  "dateTime" : "01/24/20 00:00:00",
  "value" : "210"
},{
  "dateTime" : "01/25/20 00:00:00",
  "value" : "350"
},{
  "dateTime" : "01/26/20 00:00:00",
  "value" : "172"
}]