[{
  "dateTime" : "02/20/21 00:00:00",
  "value" : "0"
},{
  "dateTime" : "02/21/21 00:00:00",
  "value" : "0"
},{
  "dateTime" : "02/22/21 00:00:00",
  "value" : "0"
},{
  "dateTime" : "02/23/21 00:00:00",
  "value" : "0"
},{
  "dateTime" : "02/24/21 00:00:00",
  "value" : "0"
},{
  "dateTime" : "02/25/21 00:00:00",
  "value" : "0"
},{
  "dateTime" : "02/26/21 00:00:00",
  "value" : "0"
},{
  "dateTime" : "02/27/21 00:00:00",
  "value" : "0"
},{
  "dateTime" : "02/28/21 00:00:00",
  "value" : "0"
},{
  "dateTime" : "03/01/21 00:00:00",
  "value" : "0"
},{
  "dateTime" : "03/02/21 00:00:00",
  "value" : "0"
},{
  "dateTime" : "03/03/21 00:00:00",
  "value" : "0"
},{
  "dateTime" : "03/04/21 00:00:00",
  "value" : "0"
},{
  "dateTime" : "03/05/21 00:00:00",
  "value" : "0"
},{
  "dateTime" : "03/06/21 00:00:00",
  "value" : "0"
},{
  "dateTime" : "03/07/21 00:00:00",
  "value" : "0"
},{
  "dateTime" : "03/08/21 00:00:00",
  "value" : "0"
},{
  "dateTime" : "03/09/21 00:00:00",
  "value" : "0"
},{
  "dateTime" : "03/10/21 00:00:00",
  "value" : "0"
},{
  "dateTime" : "03/11/21 00:00:00",
  "value" : "0"
},{
  "dateTime" : "03/12/21 00:00:00",
  "value" : "0"
},{
  "dateTime" : "03/13/21 00:00:00",
  "value" : "0"
},{
  "dateTime" : "03/14/21 00:00:00",
  "value" : "0"
},{
  "dateTime" : "03/15/21 00:00:00",
  "value" : "0"
},{
  "dateTime" : "03/16/21 00:00:00",
  "value" : "0"
},{
  "dateTime" : "03/17/21 00:00:00",
  "value" : "0"
},{
  "dateTime" : "03/18/21 00:00:00",
  "value" : "0"
},{
  "dateTime" : "03/19/21 00:00:00",
  "value" : "0"
},{
  "dateTime" : "03/20/21 00:00:00",
  "value" : "0"
},{
  "dateTime" : "03/21/21 00:00:00",
  "value" : "0"
}]