[{
  "dateTime" : "12/12/22 00:00:00",
  "value" : "0"
},{
  "dateTime" : "12/13/22 00:00:00",
  "value" : "0"
},{
  "dateTime" : "12/14/22 00:00:00",
  "value" : "0"
},{
  "dateTime" : "12/15/22 00:00:00",
  "value" : "0"
},{
  "dateTime" : "12/16/22 00:00:00",
  "value" : "0"
},{
  "dateTime" : "12/17/22 00:00:00",
  "value" : "0"
},{
  "dateTime" : "12/18/22 00:00:00",
  "value" : "0"
},{
  "dateTime" : "12/19/22 00:00:00",
  "value" : "0"
},{
  "dateTime" : "12/20/22 00:00:00",
  "value" : "0"
},{
  "dateTime" : "12/21/22 00:00:00",
  "value" : "0"
},{
  "dateTime" : "12/22/22 00:00:00",
  "value" : "0"
},{
  "dateTime" : "12/23/22 00:00:00",
  "value" : "0"
},{
  "dateTime" : "12/24/22 00:00:00",
  "value" : "0"
},{
  "dateTime" : "12/25/22 00:00:00",
  "value" : "0"
},{
  "dateTime" : "12/26/22 00:00:00",
  "value" : "0"
},{
  "dateTime" : "12/27/22 00:00:00",
  "value" : "0"
},{
  "dateTime" : "12/28/22 00:00:00",
  "value" : "0"
},{
  "dateTime" : "12/29/22 00:00:00",
  "value" : "0"
},{
  "dateTime" : "12/30/22 00:00:00",
  "value" : "0"
},{
  "dateTime" : "12/31/22 00:00:00",
  "value" : "0"
},{
  "dateTime" : "01/01/23 00:00:00",
  "value" : "0"
},{
  "dateTime" : "01/02/23 00:00:00",
  "value" : "0"
},{
  "dateTime" : "01/03/23 00:00:00",
  "value" : "0"
},{
  "dateTime" : "01/04/23 00:00:00",
  "value" : "0"
},{
  "dateTime" : "01/05/23 00:00:00",
  "value" : "0"
},{
  "dateTime" : "01/06/23 00:00:00",
  "value" : "0"
},{
  "dateTime" : "01/07/23 00:00:00",
  "value" : "0"
},{
  "dateTime" : "01/08/23 00:00:00",
  "value" : "0"
},{
  "dateTime" : "01/09/23 00:00:00",
  "value" : "0"
},{
  "dateTime" : "01/10/23 00:00:00",
  "value" : "0"
}]