[{
  "dateTime" : "03/22/21 00:00:00",
  "value" : "0"
},{
  "dateTime" : "03/23/21 00:00:00",
  "value" : "0"
},{
  "dateTime" : "03/24/21 00:00:00",
  "value" : "0"
},{
  "dateTime" : "03/25/21 00:00:00",
  "value" : "0"
},{
  "dateTime" : "03/26/21 00:00:00",
  "value" : "0"
},{
  "dateTime" : "03/27/21 00:00:00",
  "value" : "0"
},{
  "dateTime" : "03/28/21 00:00:00",
  "value" : "0"
},{
  "dateTime" : "03/29/21 00:00:00",
  "value" : "0"
},{
  "dateTime" : "03/30/21 00:00:00",
  "value" : "0"
},{
  "dateTime" : "03/31/21 00:00:00",
  "value" : "0"
},{
  "dateTime" : "04/01/21 00:00:00",
  "value" : "0"
},{
  "dateTime" : "04/02/21 00:00:00",
  "value" : "0"
},{
  "dateTime" : "04/03/21 00:00:00",
  "value" : "0"
},{
  "dateTime" : "04/04/21 00:00:00",
  "value" : "0"
},{
  "dateTime" : "04/05/21 00:00:00",
  "value" : "0"
},{
  "dateTime" : "04/06/21 00:00:00",
  "value" : "0"
},{
  "dateTime" : "04/07/21 00:00:00",
  "value" : "0"
},{
  "dateTime" : "04/08/21 00:00:00",
  "value" : "0"
},{
  "dateTime" : "04/09/21 00:00:00",
  "value" : "0"
},{
  "dateTime" : "04/10/21 00:00:00",
  "value" : "0"
},{
  "dateTime" : "04/11/21 00:00:00",
  "value" : "0"
},{
  "dateTime" : "04/12/21 00:00:00",
  "value" : "0"
},{
  "dateTime" : "04/13/21 00:00:00",
  "value" : "0"
},{
  "dateTime" : "04/14/21 00:00:00",
  "value" : "0"
},{
  "dateTime" : "04/15/21 00:00:00",
  "value" : "0"
},{
  "dateTime" : "04/16/21 00:00:00",
  "value" : "0"
},{
  "dateTime" : "04/17/21 00:00:00",
  "value" : "0"
},{
  "dateTime" : "04/18/21 00:00:00",
  "value" : "0"
},{
  "dateTime" : "04/19/21 00:00:00",
  "value" : "0"
},{
  "dateTime" : "04/20/21 00:00:00",
  "value" : "0"
}]