[{
  "dateTime" : "11/28/19 00:00:00",
  "value" : "31"
},{
  "dateTime" : "11/29/19 00:00:00",
  "value" : "36"
},{
  "dateTime" : "11/30/19 00:00:00",
  "value" : "70"
},{
  "dateTime" : "12/01/19 00:00:00",
  "value" : "115"
},{
  "dateTime" : "12/02/19 00:00:00",
  "value" : "230"
},{
  "dateTime" : "12/03/19 00:00:00",
  "value" : "229"
},{
  "dateTime" : "12/04/19 00:00:00",
  "value" : "198"
},{
  "dateTime" : "12/05/19 00:00:00",
  "value" : "243"
},{
  "dateTime" : "12/06/19 00:00:00",
  "value" : "191"
},{
  "dateTime" : "12/07/19 00:00:00",
  "value" : "293"
},{
  "dateTime" : "12/08/19 00:00:00",
  "value" : "181"
},{
  "dateTime" : "12/09/19 00:00:00",
  "value" : "213"
},{
  "dateTime" : "12/10/19 00:00:00",
  "value" : "257"
},{
  "dateTime" : "12/11/19 00:00:00",
  "value" : "313"
},{
  "dateTime" : "12/12/19 00:00:00",
  "value" : "188"
},{
  "dateTime" : "12/13/19 00:00:00",
  "value" : "75"
},{
  "dateTime" : "12/14/19 00:00:00",
  "value" : "352"
},{
  "dateTime" : "12/15/19 00:00:00",
  "value" : "249"
},{
  "dateTime" : "12/16/19 00:00:00",
  "value" : "167"
},{
  "dateTime" : "12/17/19 00:00:00",
  "value" : "199"
},{
  "dateTime" : "12/18/19 00:00:00",
  "value" : "266"
},{
  "dateTime" : "12/19/19 00:00:00",
  "value" : "234"
},{
  "dateTime" : "12/20/19 00:00:00",
  "value" : "205"
},{
  "dateTime" : "12/21/19 00:00:00",
  "value" : "143"
},{
  "dateTime" : "12/22/19 00:00:00",
  "value" : "86"
},{
  "dateTime" : "12/23/19 00:00:00",
  "value" : "238"
},{
  "dateTime" : "12/24/19 00:00:00",
  "value" : "353"
},{
  "dateTime" : "12/25/19 00:00:00",
  "value" : "239"
},{
  "dateTime" : "12/26/19 00:00:00",
  "value" : "204"
},{
  "dateTime" : "12/27/19 00:00:00",
  "value" : "119"
}]