[{
  "dateTime" : "10/08/23 00:00:00",
  "value" : "0"
},{
  "dateTime" : "10/09/23 00:00:00",
  "value" : "0"
},{
  "dateTime" : "10/10/23 00:00:00",
  "value" : "0"
},{
  "dateTime" : "10/11/23 00:00:00",
  "value" : "0"
},{
  "dateTime" : "10/12/23 00:00:00",
  "value" : "0"
},{
  "dateTime" : "10/13/23 00:00:00",
  "value" : "0"
},{
  "dateTime" : "10/14/23 00:00:00",
  "value" : "0"
},{
  "dateTime" : "10/15/23 00:00:00",
  "value" : "0"
},{
  "dateTime" : "10/16/23 00:00:00",
  "value" : "0"
},{
  "dateTime" : "10/17/23 00:00:00",
  "value" : "0"
},{
  "dateTime" : "10/18/23 00:00:00",
  "value" : "0"
},{
  "dateTime" : "10/19/23 00:00:00",
  "value" : "0"
},{
  "dateTime" : "10/20/23 00:00:00",
  "value" : "0"
},{
  "dateTime" : "10/21/23 00:00:00",
  "value" : "0"
},{
  "dateTime" : "10/22/23 00:00:00",
  "value" : "0"
},{
  "dateTime" : "10/23/23 00:00:00",
  "value" : "0"
},{
  "dateTime" : "10/24/23 00:00:00",
  "value" : "0"
},{
  "dateTime" : "10/25/23 00:00:00",
  "value" : "0"
},{
  "dateTime" : "10/26/23 00:00:00",
  "value" : "0"
},{
  "dateTime" : "10/27/23 00:00:00",
  "value" : "0"
},{
  "dateTime" : "10/28/23 00:00:00",
  "value" : "0"
},{
  "dateTime" : "10/29/23 00:00:00",
  "value" : "0"
},{
  "dateTime" : "10/30/23 00:00:00",
  "value" : "0"
},{
  "dateTime" : "10/31/23 00:00:00",
  "value" : "0"
},{
  "dateTime" : "11/01/23 00:00:00",
  "value" : "0"
},{
  "dateTime" : "11/02/23 00:00:00",
  "value" : "0"
},{
  "dateTime" : "11/03/23 00:00:00",
  "value" : "0"
},{
  "dateTime" : "11/04/23 00:00:00",
  "value" : "0"
},{
  "dateTime" : "11/05/23 00:00:00",
  "value" : "0"
},{
  "dateTime" : "11/06/23 00:00:00",
  "value" : "0"
}]