[{
  "dateTime" : "07/20/21 00:00:00",
  "value" : "0"
},{
  "dateTime" : "07/21/21 00:00:00",
  "value" : "0"
},{
  "dateTime" : "07/22/21 00:00:00",
  "value" : "0"
},{
  "dateTime" : "07/23/21 00:00:00",
  "value" : "0"
},{
  "dateTime" : "07/24/21 00:00:00",
  "value" : "0"
},{
  "dateTime" : "07/25/21 00:00:00",
  "value" : "0"
},{
  "dateTime" : "07/26/21 00:00:00",
  "value" : "0"
},{
  "dateTime" : "07/27/21 00:00:00",
  "value" : "0"
},{
  "dateTime" : "07/28/21 00:00:00",
  "value" : "0"
},{
  "dateTime" : "07/29/21 00:00:00",
  "value" : "0"
},{
  "dateTime" : "07/30/21 00:00:00",
  "value" : "0"
},{
  "dateTime" : "07/31/21 00:00:00",
  "value" : "0"
},{
  "dateTime" : "08/01/21 00:00:00",
  "value" : "0"
},{
  "dateTime" : "08/02/21 00:00:00",
  "value" : "0"
},{
  "dateTime" : "08/03/21 00:00:00",
  "value" : "0"
},{
  "dateTime" : "08/04/21 00:00:00",
  "value" : "0"
},{
  "dateTime" : "08/05/21 00:00:00",
  "value" : "0"
},{
  "dateTime" : "08/06/21 00:00:00",
  "value" : "0"
},{
  "dateTime" : "08/07/21 00:00:00",
  "value" : "0"
},{
  "dateTime" : "08/08/21 00:00:00",
  "value" : "0"
},{
  "dateTime" : "08/09/21 00:00:00",
  "value" : "0"
},{
  "dateTime" : "08/10/21 00:00:00",
  "value" : "0"
},{
  "dateTime" : "08/11/21 00:00:00",
  "value" : "91"
},{
  "dateTime" : "08/12/21 00:00:00",
  "value" : "0"
},{
  "dateTime" : "08/13/21 00:00:00",
  "value" : "0"
},{
  "dateTime" : "08/14/21 00:00:00",
  "value" : "0"
},{
  "dateTime" : "08/15/21 00:00:00",
  "value" : "0"
},{
  "dateTime" : "08/16/21 00:00:00",
  "value" : "0"
},{
  "dateTime" : "08/17/21 00:00:00",
  "value" : "0"
},{
  "dateTime" : "08/18/21 00:00:00",
  "value" : "0"
}]