[{
  "dateTime" : "06/25/20 00:00:00",
  "value" : "157"
},{
  "dateTime" : "06/26/20 00:00:00",
  "value" : "390"
},{
  "dateTime" : "06/27/20 00:00:00",
  "value" : "56"
},{
  "dateTime" : "06/28/20 00:00:00",
  "value" : "0"
},{
  "dateTime" : "06/29/20 00:00:00",
  "value" : "197"
},{
  "dateTime" : "06/30/20 00:00:00",
  "value" : "160"
},{
  "dateTime" : "07/01/20 00:00:00",
  "value" : "303"
},{
  "dateTime" : "07/02/20 00:00:00",
  "value" : "138"
},{
  "dateTime" : "07/03/20 00:00:00",
  "value" : "287"
},{
  "dateTime" : "07/04/20 00:00:00",
  "value" : "237"
},{
  "dateTime" : "07/05/20 00:00:00",
  "value" : "278"
},{
  "dateTime" : "07/06/20 00:00:00",
  "value" : "222"
},{
  "dateTime" : "07/07/20 00:00:00",
  "value" : "322"
},{
  "dateTime" : "07/08/20 00:00:00",
  "value" : "257"
},{
  "dateTime" : "07/09/20 00:00:00",
  "value" : "261"
},{
  "dateTime" : "07/10/20 00:00:00",
  "value" : "399"
},{
  "dateTime" : "07/11/20 00:00:00",
  "value" : "182"
},{
  "dateTime" : "07/12/20 00:00:00",
  "value" : "234"
},{
  "dateTime" : "07/13/20 00:00:00",
  "value" : "87"
},{
  "dateTime" : "07/14/20 00:00:00",
  "value" : "0"
},{
  "dateTime" : "07/15/20 00:00:00",
  "value" : "0"
},{
  "dateTime" : "07/16/20 00:00:00",
  "value" : "0"
},{
  "dateTime" : "07/17/20 00:00:00",
  "value" : "0"
},{
  "dateTime" : "07/18/20 00:00:00",
  "value" : "0"
},{
  "dateTime" : "07/19/20 00:00:00",
  "value" : "0"
},{
  "dateTime" : "07/20/20 00:00:00",
  "value" : "0"
},{
  "dateTime" : "07/21/20 00:00:00",
  "value" : "0"
},{
  "dateTime" : "07/22/20 00:00:00",
  "value" : "0"
},{
  "dateTime" : "07/23/20 00:00:00",
  "value" : "0"
},{
  "dateTime" : "07/24/20 00:00:00",
  "value" : "0"
}]