[{
  "logId" : 51712322577,
  "dateOfSleep" : "2026-02-11",
  "startTime" : "2026-02-11T00:43:00.000",
  "endTime" : "2026-02-11T02:44:30.000",
  "duration" : 7260000,
  "minutesToFallAsleep" : 0,
  "minutesAsleep" : 104,
  "minutesAwake" : 17,
  "minutesAfterWakeup" : 0,
  "timeInBed" : 121,
  "efficiency" : 86,
  "type" : "classic",
  "infoCode" : 2,
  "logType" : "auto_detected",
  "levels" : {
    "summary" : {
      "restless" : {
        "count" : 5,
        "minutes" : 12
      },
      "awake" : {
        "count" : 1,
        "minutes" : 5
      },
      "asleep" : {
        "count" : 0,
        "minutes" : 104
      }
    },
    "data" : [{
      "dateTime" : "2026-02-11T00:43:00.000",
      "level" : "asleep",
      "seconds" : 660
    },{
      "dateTime" : "2026-02-11T00:54:00.000",
      "level" : "restless",
      "seconds" : 120
    },{
      "dateTime" : "2026-02-11T00:56:00.000",
      "level" : "asleep",
      "seconds" : 120
    },{
      "dateTime" : "2026-02-11T00:58:00.000",
      "level" : "restless",
      "seconds" : 60
    },{
      "dateTime" : "2026-02-11T00:59:00.000",
      "level" : "asleep",
      "seconds" : 4860
    },{
      "dateTime" : "2026-02-11T02:20:00.000",
      "level" : "restless",
      "seconds" : 240
    },{
      "dateTime" : "2026-02-11T02:24:00.000",
      "level" : "awake",
      "seconds" : 300
    },{
      "dateTime" : "2026-02-11T02:29:00.000",
      "level" : "restless",
      "seconds" : 120
    },{
      "dateTime" : "2026-02-11T02:31:00.000",
      "level" : "asleep",
      "seconds" : 420
    },{
      "dateTime" : "2026-02-11T02:38:00.000",
      "level" : "restless",
      "seconds" : 180
    },{
      "dateTime" : "2026-02-11T02:41:00.000",
      "level" : "asleep",
      "seconds" : 180
    }]
  },
  "mainSleep" : true
}]