[{
  "logId" : 26182162488,
  "dateOfSleep" : "2020-02-26",
  "startTime" : "2020-02-26T16:22:00.000",
  "endTime" : "2020-02-26T18:16:00.000",
  "duration" : 6840000,
  "minutesToFallAsleep" : 0,
  "minutesAsleep" : 107,
  "minutesAwake" : 7,
  "minutesAfterWakeup" : 0,
  "timeInBed" : 114,
  "efficiency" : 94,
  "type" : "classic",
  "infoCode" : 2,
  "logType" : "auto_detected",
  "levels" : {
    "summary" : {
      "restless" : {
        "count" : 2,
        "minutes" : 7
      },
      "awake" : {
        "count" : 0,
        "minutes" : 0
      },
      "asleep" : {
        "count" : 0,
        "minutes" : 107
      }
    },
    "data" : [{
      "dateTime" : "2020-02-26T16:22:00.000",
      "level" : "asleep",
      "seconds" : 660
    },{
      "dateTime" : "2020-02-26T16:33:00.000",
      "level" : "restless",
      "seconds" : 60
    },{
      "dateTime" : "2020-02-26T16:34:00.000",
      "level" : "asleep",
      "seconds" : 5640
    },{
      "dateTime" : "2020-02-26T18:08:00.000",
      "level" : "restless",
      "seconds" : 360
    },{
      "dateTime" : "2020-02-26T18:14:00.000",
      "level" : "asleep",
      "seconds" : 120
    }]
  },
  "mainSleep" : true
},{
  "logId" : 25785092046,
  "dateOfSleep" : "2020-02-06",
  "startTime" : "2020-02-05T20:28:30.000",
  "endTime" : "2020-02-06T05:28:00.000",
  "duration" : 32340000,
  "minutesToFallAsleep" : 0,
  "minutesAsleep" : 471,
  "minutesAwake" : 68,
  "minutesAfterWakeup" : 0,
  "timeInBed" : 539,
  "efficiency" : 92,
  "type" : "stages",
  "infoCode" : 0,
  "logType" : "auto_detected",
  "levels" : {
    "summary" : {
      "deep" : {
        "count" : 5,
        "minutes" : 75,
        "thirtyDayAvgMinutes" : 78
      },
      "wake" : {
        "count" : 42,
        "minutes" : 68,
        "thirtyDayAvgMinutes" : 57
      },
      "light" : {
        "count" : 42,
        "minutes" : 288,
        "thirtyDayAvgMinutes" : 242
      },
      "rem" : {
        "count" : 10,
        "minutes" : 108,
        "thirtyDayAvgMinutes" : 99
      }
    },
    "data" : [{
      "dateTime" : "2020-02-05T20:28:30.000",
      "level" : "wake",
      "seconds" : 30
    },{
      "dateTime" : "2020-02-05T20:29:00.000",
      "level" : "light",
      "seconds" : 2010
    },{
      "dateTime" : "2020-02-05T21:02:30.000",
      "level" : "wake",
      "seconds" : 390
    },{
      "dateTime" : "2020-02-05T21:09:00.000",
      "level" : "light",
      "seconds" : 870
    },{
      "dateTime" : "2020-02-05T21:23:30.000",
      "level" : "deep",
      "seconds" : 1590
    },{
      "dateTime" : "2020-02-05T21:50:00.000",
      "level" : "light",
      "seconds" : 2640
    },{
      "dateTime" : "2020-02-05T22:34:00.000",
      "level" : "deep",
      "seconds" : 1350
    },{
      "dateTime" : "2020-02-05T22:56:30.000",
      "level" : "light",
      "seconds" : 360
    },{
      "dateTime" : "2020-02-05T23:02:30.000",
      "level" : "deep",
      "seconds" : 510
    },{
      "dateTime" : "2020-02-05T23:11:00.000",
      "level" : "light",
      "seconds" : 360
    },{
      "dateTime" : "2020-02-05T23:17:00.000",
      "level" : "rem",
      "seconds" : 1140
    },{
      "dateTime" : "2020-02-05T23:36:00.000",
      "level" : "wake",
      "seconds" : 390
    },{
      "dateTime" : "2020-02-05T23:42:30.000",
      "level" : "light",
      "seconds" : 750
    },{
      "dateTime" : "2020-02-05T23:55:00.000",
      "level" : "deep",
      "seconds" : 360
    },{
      "dateTime" : "2020-02-06T00:01:00.000",
      "level" : "light",
      "seconds" : 2010
    },{
      "dateTime" : "2020-02-06T00:34:30.000",
      "level" : "rem",
      "seconds" : 1200
    },{
      "dateTime" : "2020-02-06T00:54:30.000",
      "level" : "light",
      "seconds" : 4170
    },{
      "dateTime" : "2020-02-06T02:04:00.000",
      "level" : "rem",
      "seconds" : 1110
    },{
      "dateTime" : "2020-02-06T02:22:30.000",
      "level" : "wake",
      "seconds" : 870
    },{
      "dateTime" : "2020-02-06T02:37:00.000",
      "level" : "light",
      "seconds" : 780
    },{
      "dateTime" : "2020-02-06T02:50:00.000",
      "level" : "deep",
      "seconds" : 900
    },{
      "dateTime" : "2020-02-06T03:05:00.000",
      "level" : "light",
      "seconds" : 990
    },{
      "dateTime" : "2020-02-06T03:21:30.000",
      "level" : "rem",
      "seconds" : 1050
    },{
      "dateTime" : "2020-02-06T03:39:00.000",
      "level" : "light",
      "seconds" : 3690
    },{
      "dateTime" : "2020-02-06T04:40:30.000",
      "level" : "rem",
      "seconds" : 2280
    },{
      "dateTime" : "2020-02-06T05:18:30.000",
      "level" : "light",
      "seconds" : 570
    }],
    "shortData" : [{
      "dateTime" : "2020-02-05T20:35:30.000",
      "level" : "wake",
      "seconds" : 90
    },{
      "dateTime" : "2020-02-05T20:40:00.000",
      "level" : "wake",
      "seconds" : 30
    },{
      "dateTime" : "2020-02-05T20:49:30.000",
      "level" : "wake",
      "seconds" : 60
    },{
      "dateTime" : "2020-02-05T20:59:00.000",
      "level" : "wake",
      "seconds" : 30
    },{
      "dateTime" : "2020-02-05T21:12:30.000",
      "level" : "wake",
      "seconds" : 30
    },{
      "dateTime" : "2020-02-05T21:48:00.000",
      "level" : "wake",
      "seconds" : 120
    },{
      "dateTime" : "2020-02-05T21:57:00.000",
      "level" : "wake",
      "seconds" : 180
    },{
      "dateTime" : "2020-02-05T22:04:30.000",
      "level" : "wake",
      "seconds" : 30
    },{
      "dateTime" : "2020-02-05T22:08:30.000",
      "level" : "wake",
      "seconds" : 30
    },{
      "dateTime" : "2020-02-05T22:22:30.000",
      "level" : "wake",
      "seconds" : 60
    },{
      "dateTime" : "2020-02-05T22:29:00.000",
      "level" : "wake",
      "seconds" : 120
    },{
      "dateTime" : "2020-02-05T23:10:00.000",
      "level" : "wake",
      "seconds" : 60
    },{
      "dateTime" : "2020-02-05T23:14:00.000",
      "level" : "wake",
      "seconds" : 30
    },{
      "dateTime" : "2020-02-05T23:31:30.000",
      "level" : "wake",
      "seconds" : 30
    },{
      "dateTime" : "2020-02-05T23:45:00.000",
      "level" : "wake",
      "seconds" : 30
    },{
      "dateTime" : "2020-02-05T23:47:00.000",
      "level" : "wake",
      "seconds" : 60
    },{
      "dateTime" : "2020-02-06T00:04:00.000",
      "level" : "wake",
      "seconds" : 60
    },{
      "dateTime" : "2020-02-06T00:17:30.000",
      "level" : "wake",
      "seconds" : 60
    },{
      "dateTime" : "2020-02-06T00:26:30.000",
      "level" : "wake",
      "seconds" : 30
    },{
      "dateTime" : "2020-02-06T00:49:00.000",
      "level" : "wake",
      "seconds" : 90
    },{
      "dateTime" : "2020-02-06T01:00:00.000",
      "level" : "wake",
      "seconds" : 180
    },{
      "dateTime" : "2020-02-06T01:27:30.000",
      "level" : "wake",
      "seconds" : 60
    },{
      "dateTime" : "2020-02-06T01:48:00.000",
      "level" : "wake",
      "seconds" : 30
    },{
      "dateTime" : "2020-02-06T01:56:30.000",
      "level" : "wake",
      "seconds" : 60
    },{
      "dateTime" : "2020-02-06T02:40:30.000",
      "level" : "wake",
      "seconds" : 60
    },{
      "dateTime" : "2020-02-06T03:14:30.000",
      "level" : "wake",
      "seconds" : 30
    },{
      "dateTime" : "2020-02-06T03:38:00.000",
      "level" : "wake",
      "seconds" : 60
    },{
      "dateTime" : "2020-02-06T03:47:00.000",
      "level" : "wake",
      "seconds" : 60
    },{
      "dateTime" : "2020-02-06T03:53:00.000",
      "level" : "wake",
      "seconds" : 120
    },{
      "dateTime" : "2020-02-06T03:56:30.000",
      "level" : "wake",
      "seconds" : 30
    },{
      "dateTime" : "2020-02-06T03:59:30.000",
      "level" : "wake",
      "seconds" : 30
    },{
      "dateTime" : "2020-02-06T04:03:30.000",
      "level" : "wake",
      "seconds" : 30
    },{
      "dateTime" : "2020-02-06T04:13:30.000",
      "level" : "wake",
      "seconds" : 60
    },{
      "dateTime" : "2020-02-06T04:45:30.000",
      "level" : "wake",
      "seconds" : 30
    },{
      "dateTime" : "2020-02-06T04:53:30.000",
      "level" : "wake",
      "seconds" : 30
    },{
      "dateTime" : "2020-02-06T05:01:30.000",
      "level" : "wake",
      "seconds" : 60
    },{
      "dateTime" : "2020-02-06T05:21:00.000",
      "level" : "wake",
      "seconds" : 30
    },{
      "dateTime" : "2020-02-06T05:23:30.000",
      "level" : "wake",
      "seconds" : 30
    }]
  },
  "mainSleep" : true
},{
  "logId" : 25785092045,
  "dateOfSleep" : "2020-02-05",
  "startTime" : "2020-02-05T10:55:00.000",
  "endTime" : "2020-02-05T16:50:00.000",
  "duration" : 21300000,
  "minutesToFallAsleep" : 0,
  "minutesAsleep" : 318,
  "minutesAwake" : 37,
  "minutesAfterWakeup" : 1,
  "timeInBed" : 355,
  "efficiency" : 97,
  "type" : "stages",
  "infoCode" : 0,
  "logType" : "auto_detected",
  "levels" : {
    "summary" : {
      "deep" : {
        "count" : 1,
        "minutes" : 53,
        "thirtyDayAvgMinutes" : 70
      },
      "wake" : {
        "count" : 24,
        "minutes" : 37,
        "thirtyDayAvgMinutes" : 54
      },
      "light" : {
        "count" : 23,
        "minutes" : 202,
        "thirtyDayAvgMinutes" : 211
      },
      "rem" : {
        "count" : 5,
        "minutes" : 63,
        "thirtyDayAvgMinutes" : 91
      }
    },
    "data" : [{
      "dateTime" : "2020-02-05T10:55:00.000",
      "level" : "wake",
      "seconds" : 240
    },{
      "dateTime" : "2020-02-05T10:59:00.000",
      "level" : "light",
      "seconds" : 690
    },{
      "dateTime" : "2020-02-05T11:10:30.000",
      "level" : "deep",
      "seconds" : 3210
    },{
      "dateTime" : "2020-02-05T12:04:00.000",
      "level" : "wake",
      "seconds" : 360
    },{
      "dateTime" : "2020-02-05T12:10:00.000",
      "level" : "light",
      "seconds" : 1920
    },{
      "dateTime" : "2020-02-05T12:42:00.000",
      "level" : "rem",
      "seconds" : 270
    },{
      "dateTime" : "2020-02-05T12:46:30.000",
      "level" : "light",
      "seconds" : 4410
    },{
      "dateTime" : "2020-02-05T14:00:00.000",
      "level" : "rem",
      "seconds" : 1350
    },{
      "dateTime" : "2020-02-05T14:22:30.000",
      "level" : "light",
      "seconds" : 300
    },{
      "dateTime" : "2020-02-05T14:27:30.000",
      "level" : "wake",
      "seconds" : 210
    },{
      "dateTime" : "2020-02-05T14:31:00.000",
      "level" : "light",
      "seconds" : 3570
    },{
      "dateTime" : "2020-02-05T15:30:30.000",
      "level" : "rem",
      "seconds" : 2190
    },{
      "dateTime" : "2020-02-05T16:07:00.000",
      "level" : "wake",
      "seconds" : 300
    },{
      "dateTime" : "2020-02-05T16:12:00.000",
      "level" : "light",
      "seconds" : 2280
    }],
    "shortData" : [{
      "dateTime" : "2020-02-05T12:31:00.000",
      "level" : "wake",
      "seconds" : 30
    },{
      "dateTime" : "2020-02-05T12:35:30.000",
      "level" : "wake",
      "seconds" : 30
    },{
      "dateTime" : "2020-02-05T12:47:00.000",
      "level" : "wake",
      "seconds" : 30
    },{
      "dateTime" : "2020-02-05T13:15:00.000",
      "level" : "wake",
      "seconds" : 30
    },{
      "dateTime" : "2020-02-05T13:22:30.000",
      "level" : "wake",
      "seconds" : 30
    },{
      "dateTime" : "2020-02-05T13:43:00.000",
      "level" : "wake",
      "seconds" : 30
    },{
      "dateTime" : "2020-02-05T14:02:00.000",
      "level" : "wake",
      "seconds" : 30
    },{
      "dateTime" : "2020-02-05T14:35:00.000",
      "level" : "wake",
      "seconds" : 30
    },{
      "dateTime" : "2020-02-05T14:48:30.000",
      "level" : "wake",
      "seconds" : 150
    },{
      "dateTime" : "2020-02-05T15:04:30.000",
      "level" : "wake",
      "seconds" : 150
    },{
      "dateTime" : "2020-02-05T15:18:00.000",
      "level" : "wake",
      "seconds" : 30
    },{
      "dateTime" : "2020-02-05T16:03:30.000",
      "level" : "wake",
      "seconds" : 30
    },{
      "dateTime" : "2020-02-05T16:14:00.000",
      "level" : "wake",
      "seconds" : 180
    },{
      "dateTime" : "2020-02-05T16:18:30.000",
      "level" : "wake",
      "seconds" : 30
    },{
      "dateTime" : "2020-02-05T16:22:30.000",
      "level" : "wake",
      "seconds" : 30
    },{
      "dateTime" : "2020-02-05T16:26:00.000",
      "level" : "wake",
      "seconds" : 60
    },{
      "dateTime" : "2020-02-05T16:31:00.000",
      "level" : "wake",
      "seconds" : 60
    },{
      "dateTime" : "2020-02-05T16:43:00.000",
      "level" : "wake",
      "seconds" : 30
    },{
      "dateTime" : "2020-02-05T16:46:00.000",
      "level" : "wake",
      "seconds" : 30
    },{
      "dateTime" : "2020-02-05T16:48:00.000",
      "level" : "wake",
      "seconds" : 120
    }]
  },
  "mainSleep" : false
},{
  "logId" : 25785092044,
  "dateOfSleep" : "2020-02-05",
  "startTime" : "2020-02-04T22:32:30.000",
  "endTime" : "2020-02-05T06:21:30.000",
  "duration" : 28140000,
  "minutesToFallAsleep" : 0,
  "minutesAsleep" : 430,
  "minutesAwake" : 39,
  "minutesAfterWakeup" : 0,
  "timeInBed" : 469,
  "efficiency" : 99,
  "type" : "stages",
  "infoCode" : 0,
  "logType" : "auto_detected",
  "levels" : {
    "summary" : {
      "deep" : {
        "count" : 5,
        "minutes" : 84,
        "thirtyDayAvgMinutes" : 70
      },
      "wake" : {
        "count" : 32,
        "minutes" : 39,
        "thirtyDayAvgMinutes" : 54
      },
      "light" : {
        "count" : 33,
        "minutes" : 253,
        "thirtyDayAvgMinutes" : 211
      },
      "rem" : {
        "count" : 9,
        "minutes" : 93,
        "thirtyDayAvgMinutes" : 91
      }
    },
    "data" : [{
      "dateTime" : "2020-02-04T22:32:30.000",
      "level" : "wake",
      "seconds" : 30
    },{
      "dateTime" : "2020-02-04T22:33:00.000",
      "level" : "light",
      "seconds" : 780
    },{
      "dateTime" : "2020-02-04T22:46:00.000",
      "level" : "deep",
      "seconds" : 1410
    },{
      "dateTime" : "2020-02-04T23:09:30.000",
      "level" : "light",
      "seconds" : 420
    },{
      "dateTime" : "2020-02-04T23:16:30.000",
      "level" : "deep",
      "seconds" : 990
    },{
      "dateTime" : "2020-02-04T23:33:00.000",
      "level" : "light",
      "seconds" : 1020
    },{
      "dateTime" : "2020-02-04T23:50:00.000",
      "level" : "rem",
      "seconds" : 1620
    },{
      "dateTime" : "2020-02-05T00:17:00.000",
      "level" : "light",
      "seconds" : 240
    },{
      "dateTime" : "2020-02-05T00:21:00.000",
      "level" : "deep",
      "seconds" : 1440
    },{
      "dateTime" : "2020-02-05T00:45:00.000",
      "level" : "light",
      "seconds" : 1230
    },{
      "dateTime" : "2020-02-05T01:05:30.000",
      "level" : "deep",
      "seconds" : 570
    },{
      "dateTime" : "2020-02-05T01:15:00.000",
      "level" : "light",
      "seconds" : 810
    },{
      "dateTime" : "2020-02-05T01:28:30.000",
      "level" : "rem",
      "seconds" : 480
    },{
      "dateTime" : "2020-02-05T01:36:30.000",
      "level" : "wake",
      "seconds" : 240
    },{
      "dateTime" : "2020-02-05T01:40:30.000",
      "level" : "light",
      "seconds" : 1050
    },{
      "dateTime" : "2020-02-05T01:58:00.000",
      "level" : "deep",
      "seconds" : 750
    },{
      "dateTime" : "2020-02-05T02:10:30.000",
      "level" : "light",
      "seconds" : 3270
    },{
      "dateTime" : "2020-02-05T03:05:00.000",
      "level" : "rem",
      "seconds" : 1470
    },{
      "dateTime" : "2020-02-05T03:29:30.000",
      "level" : "light",
      "seconds" : 540
    },{
      "dateTime" : "2020-02-05T03:38:30.000",
      "level" : "rem",
      "seconds" : 360
    },{
      "dateTime" : "2020-02-05T03:44:30.000",
      "level" : "light",
      "seconds" : 3930
    },{
      "dateTime" : "2020-02-05T04:50:00.000",
      "level" : "rem",
      "seconds" : 600
    },{
      "dateTime" : "2020-02-05T05:00:00.000",
      "level" : "wake",
      "seconds" : 300
    },{
      "dateTime" : "2020-02-05T05:05:00.000",
      "level" : "light",
      "seconds" : 150
    },{
      "dateTime" : "2020-02-05T05:07:30.000",
      "level" : "rem",
      "seconds" : 1230
    },{
      "dateTime" : "2020-02-05T05:28:00.000",
      "level" : "light",
      "seconds" : 2970
    },{
      "dateTime" : "2020-02-05T06:17:30.000",
      "level" : "wake",
      "seconds" : 240
    }],
    "shortData" : [{
      "dateTime" : "2020-02-04T22:32:30.000",
      "level" : "wake",
      "seconds" : 90
    },{
      "dateTime" : "2020-02-04T23:09:00.000",
      "level" : "wake",
      "seconds" : 30
    },{
      "dateTime" : "2020-02-04T23:44:30.000",
      "level" : "wake",
      "seconds" : 30
    },{
      "dateTime" : "2020-02-04T23:48:00.000",
      "level" : "wake",
      "seconds" : 60
    },{
      "dateTime" : "2020-02-05T00:16:00.000",
      "level" : "wake",
      "seconds" : 60
    },{
      "dateTime" : "2020-02-05T00:46:00.000",
      "level" : "wake",
      "seconds" : 60
    },{
      "dateTime" : "2020-02-05T01:14:00.000",
      "level" : "wake",
      "seconds" : 60
    },{
      "dateTime" : "2020-02-05T01:23:30.000",
      "level" : "wake",
      "seconds" : 90
    },{
      "dateTime" : "2020-02-05T01:42:30.000",
      "level" : "wake",
      "seconds" : 30
    },{
      "dateTime" : "2020-02-05T01:46:30.000",
      "level" : "wake",
      "seconds" : 30
    },{
      "dateTime" : "2020-02-05T02:10:30.000",
      "level" : "wake",
      "seconds" : 60
    },{
      "dateTime" : "2020-02-05T02:25:00.000",
      "level" : "wake",
      "seconds" : 30
    },{
      "dateTime" : "2020-02-05T02:47:30.000",
      "level" : "wake",
      "seconds" : 30
    },{
      "dateTime" : "2020-02-05T02:51:00.000",
      "level" : "wake",
      "seconds" : 60
    },{
      "dateTime" : "2020-02-05T03:00:00.000",
      "level" : "wake",
      "seconds" : 60
    },{
      "dateTime" : "2020-02-05T03:22:30.000",
      "level" : "wake",
      "seconds" : 90
    },{
      "dateTime" : "2020-02-05T03:27:00.000",
      "level" : "wake",
      "seconds" : 30
    },{
      "dateTime" : "2020-02-05T03:37:00.000",
      "level" : "wake",
      "seconds" : 60
    },{
      "dateTime" : "2020-02-05T03:50:00.000",
      "level" : "wake",
      "seconds" : 30
    },{
      "dateTime" : "2020-02-05T03:56:30.000",
      "level" : "wake",
      "seconds" : 30
    },{
      "dateTime" : "2020-02-05T04:14:00.000",
      "level" : "wake",
      "seconds" : 30
    },{
      "dateTime" : "2020-02-05T04:46:30.000",
      "level" : "wake",
      "seconds" : 90
    },{
      "dateTime" : "2020-02-05T05:22:00.000",
      "level" : "wake",
      "seconds" : 30
    },{
      "dateTime" : "2020-02-05T05:30:00.000",
      "level" : "wake",
      "seconds" : 30
    },{
      "dateTime" : "2020-02-05T05:38:00.000",
      "level" : "wake",
      "seconds" : 30
    },{
      "dateTime" : "2020-02-05T05:52:30.000",
      "level" : "wake",
      "seconds" : 90
    },{
      "dateTime" : "2020-02-05T06:03:00.000",
      "level" : "wake",
      "seconds" : 30
    },{
      "dateTime" : "2020-02-05T06:09:30.000",
      "level" : "wake",
      "seconds" : 90
    },{
      "dateTime" : "2020-02-05T06:13:30.000",
      "level" : "wake",
      "seconds" : 150
    }]
  },
  "mainSleep" : true
},{
  "logId" : 25755936125,
  "dateOfSleep" : "2020-02-04",
  "startTime" : "2020-02-03T22:09:30.000",
  "endTime" : "2020-02-04T06:42:30.000",
  "duration" : 30780000,
  "minutesToFallAsleep" : 0,
  "minutesAsleep" : 451,
  "minutesAwake" : 62,
  "minutesAfterWakeup" : 0,
  "timeInBed" : 513,
  "efficiency" : 94,
  "type" : "stages",
  "infoCode" : 0,
  "logType" : "auto_detected",
  "levels" : {
    "summary" : {
      "deep" : {
        "count" : 7,
        "minutes" : 99,
        "thirtyDayAvgMinutes" : 65
      },
      "wake" : {
        "count" : 34,
        "minutes" : 62,
        "thirtyDayAvgMinutes" : 52
      },
      "light" : {
        "count" : 36,
        "minutes" : 236,
        "thirtyDayAvgMinutes" : 207
      },
      "rem" : {
        "count" : 11,
        "minutes" : 116,
        "thirtyDayAvgMinutes" : 87
      }
    },
    "data" : [{
      "dateTime" : "2020-02-03T22:09:30.000",
      "level" : "wake",
      "seconds" : 390
    },{
      "dateTime" : "2020-02-03T22:16:00.000",
      "level" : "light",
      "seconds" : 420
    },{
      "dateTime" : "2020-02-03T22:23:00.000",
      "level" : "deep",
      "seconds" : 1080
    },{
      "dateTime" : "2020-02-03T22:41:00.000",
      "level" : "light",
      "seconds" : 600
    },{
      "dateTime" : "2020-02-03T22:51:00.000",
      "level" : "deep",
      "seconds" : 900
    },{
      "dateTime" : "2020-02-03T23:06:00.000",
      "level" : "light",
      "seconds" : 1740
    },{
      "dateTime" : "2020-02-03T23:35:00.000",
      "level" : "deep",
      "seconds" : 810
    },{
      "dateTime" : "2020-02-03T23:48:30.000",
      "level" : "light",
      "seconds" : 600
    },{
      "dateTime" : "2020-02-03T23:58:30.000",
      "level" : "deep",
      "seconds" : 420
    },{
      "dateTime" : "2020-02-04T00:05:30.000",
      "level" : "light",
      "seconds" : 270
    },{
      "dateTime" : "2020-02-04T00:10:00.000",
      "level" : "rem",
      "seconds" : 1380
    },{
      "dateTime" : "2020-02-04T00:33:00.000",
      "level" : "light",
      "seconds" : 420
    },{
      "dateTime" : "2020-02-04T00:40:00.000",
      "level" : "deep",
      "seconds" : 1980
    },{
      "dateTime" : "2020-02-04T01:13:00.000",
      "level" : "light",
      "seconds" : 1530
    },{
      "dateTime" : "2020-02-04T01:38:30.000",
      "level" : "rem",
      "seconds" : 630
    },{
      "dateTime" : "2020-02-04T01:49:00.000",
      "level" : "light",
      "seconds" : 1410
    },{
      "dateTime" : "2020-02-04T02:12:30.000",
      "level" : "deep",
      "seconds" : 270
    },{
      "dateTime" : "2020-02-04T02:17:00.000",
      "level" : "light",
      "seconds" : 870
    },{
      "dateTime" : "2020-02-04T02:31:30.000",
      "level" : "deep",
      "seconds" : 510
    },{
      "dateTime" : "2020-02-04T02:40:00.000",
      "level" : "light",
      "seconds" : 240
    },{
      "dateTime" : "2020-02-04T02:44:00.000",
      "level" : "rem",
      "seconds" : 870
    },{
      "dateTime" : "2020-02-04T02:58:30.000",
      "level" : "wake",
      "seconds" : 570
    },{
      "dateTime" : "2020-02-04T03:08:00.000",
      "level" : "light",
      "seconds" : 600
    },{
      "dateTime" : "2020-02-04T03:18:00.000",
      "level" : "rem",
      "seconds" : 1170
    },{
      "dateTime" : "2020-02-04T03:37:30.000",
      "level" : "light",
      "seconds" : 2280
    },{
      "dateTime" : "2020-02-04T04:15:30.000",
      "level" : "wake",
      "seconds" : 360
    },{
      "dateTime" : "2020-02-04T04:21:30.000",
      "level" : "light",
      "seconds" : 630
    },{
      "dateTime" : "2020-02-04T04:32:00.000",
      "level" : "rem",
      "seconds" : 1260
    },{
      "dateTime" : "2020-02-04T04:53:00.000",
      "level" : "light",
      "seconds" : 2610
    },{
      "dateTime" : "2020-02-04T05:36:30.000",
      "level" : "rem",
      "seconds" : 1890
    },{
      "dateTime" : "2020-02-04T06:08:00.000",
      "level" : "light",
      "seconds" : 1140
    },{
      "dateTime" : "2020-02-04T06:27:00.000",
      "level" : "wake",
      "seconds" : 930
    }],
    "shortData" : [{
      "dateTime" : "2020-02-03T22:43:00.000",
      "level" : "wake",
      "seconds" : 120
    },{
      "dateTime" : "2020-02-03T23:12:30.000",
      "level" : "wake",
      "seconds" : 30
    },{
      "dateTime" : "2020-02-03T23:14:30.000",
      "level" : "wake",
      "seconds" : 150
    },{
      "dateTime" : "2020-02-03T23:25:00.000",
      "level" : "wake",
      "seconds" : 60
    },{
      "dateTime" : "2020-02-04T00:05:00.000",
      "level" : "wake",
      "seconds" : 30
    },{
      "dateTime" : "2020-02-04T00:22:00.000",
      "level" : "wake",
      "seconds" : 60
    },{
      "dateTime" : "2020-02-04T01:18:30.000",
      "level" : "wake",
      "seconds" : 120
    },{
      "dateTime" : "2020-02-04T01:26:30.000",
      "level" : "wake",
      "seconds" : 30
    },{
      "dateTime" : "2020-02-04T01:35:30.000",
      "level" : "wake",
      "seconds" : 30
    },{
      "dateTime" : "2020-02-04T01:48:30.000",
      "level" : "wake",
      "seconds" : 30
    },{
      "dateTime" : "2020-02-04T01:53:30.000",
      "level" : "wake",
      "seconds" : 30
    },{
      "dateTime" : "2020-02-04T02:00:30.000",
      "level" : "wake",
      "seconds" : 30
    },{
      "dateTime" : "2020-02-04T02:02:30.000",
      "level" : "wake",
      "seconds" : 60
    },{
      "dateTime" : "2020-02-04T02:39:30.000",
      "level" : "wake",
      "seconds" : 30
    },{
      "dateTime" : "2020-02-04T03:14:30.000",
      "level" : "wake",
      "seconds" : 30
    },{
      "dateTime" : "2020-02-04T03:50:00.000",
      "level" : "wake",
      "seconds" : 30
    },{
      "dateTime" : "2020-02-04T03:54:30.000",
      "level" : "wake",
      "seconds" : 60
    },{
      "dateTime" : "2020-02-04T04:24:00.000",
      "level" : "wake",
      "seconds" : 30
    },{
      "dateTime" : "2020-02-04T04:33:00.000",
      "level" : "wake",
      "seconds" : 30
    },{
      "dateTime" : "2020-02-04T04:37:00.000",
      "level" : "wake",
      "seconds" : 30
    },{
      "dateTime" : "2020-02-04T04:56:30.000",
      "level" : "wake",
      "seconds" : 30
    },{
      "dateTime" : "2020-02-04T04:58:30.000",
      "level" : "wake",
      "seconds" : 30
    },{
      "dateTime" : "2020-02-04T05:30:00.000",
      "level" : "wake",
      "seconds" : 90
    },{
      "dateTime" : "2020-02-04T05:34:30.000",
      "level" : "wake",
      "seconds" : 30
    },{
      "dateTime" : "2020-02-04T05:51:00.000",
      "level" : "wake",
      "seconds" : 30
    },{
      "dateTime" : "2020-02-04T06:00:30.000",
      "level" : "wake",
      "seconds" : 30
    },{
      "dateTime" : "2020-02-04T06:07:30.000",
      "level" : "wake",
      "seconds" : 30
    },{
      "dateTime" : "2020-02-04T06:10:00.000",
      "level" : "wake",
      "seconds" : 30
    },{
      "dateTime" : "2020-02-04T06:18:00.000",
      "level" : "wake",
      "seconds" : 120
    },{
      "dateTime" : "2020-02-04T06:22:00.000",
      "level" : "wake",
      "seconds" : 30
    }]
  },
  "mainSleep" : true
},{
  "logId" : 25750225171,
  "dateOfSleep" : "2020-02-03",
  "startTime" : "2020-02-02T22:52:00.000",
  "endTime" : "2020-02-03T06:34:00.000",
  "duration" : 27720000,
  "minutesToFallAsleep" : 0,
  "minutesAsleep" : 416,
  "minutesAwake" : 46,
  "minutesAfterWakeup" : 0,
  "timeInBed" : 462,
  "efficiency" : 97,
  "type" : "stages",
  "infoCode" : 0,
  "logType" : "auto_detected",
  "levels" : {
    "summary" : {
      "deep" : {
        "count" : 4,
        "minutes" : 91,
        "thirtyDayAvgMinutes" : 59
      },
      "wake" : {
        "count" : 27,
        "minutes" : 46,
        "thirtyDayAvgMinutes" : 54
      },
      "light" : {
        "count" : 33,
        "minutes" : 224,
        "thirtyDayAvgMinutes" : 204
      },
      "rem" : {
        "count" : 9,
        "minutes" : 101,
        "thirtyDayAvgMinutes" : 84
      }
    },
    "data" : [{
      "dateTime" : "2020-02-02T22:52:00.000",
      "level" : "wake",
      "seconds" : 360
    },{
      "dateTime" : "2020-02-02T22:58:00.000",
      "level" : "light",
      "seconds" : 2160
    },{
      "dateTime" : "2020-02-02T23:34:00.000",
      "level" : "deep",
      "seconds" : 330
    },{
      "dateTime" : "2020-02-02T23:39:30.000",
      "level" : "light",
      "seconds" : 2130
    },{
      "dateTime" : "2020-02-03T00:15:00.000",
      "level" : "wake",
      "seconds" : 450
    },{
      "dateTime" : "2020-02-03T00:22:30.000",
      "level" : "light",
      "seconds" : 390
    },{
      "dateTime" : "2020-02-03T00:29:00.000",
      "level" : "deep",
      "seconds" : 1200
    },{
      "dateTime" : "2020-02-03T00:49:00.000",
      "level" : "light",
      "seconds" : 360
    },{
      "dateTime" : "2020-02-03T00:55:00.000",
      "level" : "rem",
      "seconds" : 930
    },{
      "dateTime" : "2020-02-03T01:10:30.000",
      "level" : "light",
      "seconds" : 720
    },{
      "dateTime" : "2020-02-03T01:22:30.000",
      "level" : "deep",
      "seconds" : 1770
    },{
      "dateTime" : "2020-02-03T01:52:00.000",
      "level" : "light",
      "seconds" : 1230
    },{
      "dateTime" : "2020-02-03T02:12:30.000",
      "level" : "rem",
      "seconds" : 1050
    },{
      "dateTime" : "2020-02-03T02:30:00.000",
      "level" : "light",
      "seconds" : 450
    },{
      "dateTime" : "2020-02-03T02:37:30.000",
      "level" : "rem",
      "seconds" : 360
    },{
      "dateTime" : "2020-02-03T02:43:30.000",
      "level" : "light",
      "seconds" : 1050
    },{
      "dateTime" : "2020-02-03T03:01:00.000",
      "level" : "deep",
      "seconds" : 2280
    },{
      "dateTime" : "2020-02-03T03:39:00.000",
      "level" : "light",
      "seconds" : 180
    },{
      "dateTime" : "2020-02-03T03:42:00.000",
      "level" : "rem",
      "seconds" : 660
    },{
      "dateTime" : "2020-02-03T03:53:00.000",
      "level" : "light",
      "seconds" : 450
    },{
      "dateTime" : "2020-02-03T04:00:30.000",
      "level" : "rem",
      "seconds" : 330
    },{
      "dateTime" : "2020-02-03T04:06:00.000",
      "level" : "light",
      "seconds" : 2520
    },{
      "dateTime" : "2020-02-03T04:48:00.000",
      "level" : "rem",
      "seconds" : 930
    },{
      "dateTime" : "2020-02-03T05:03:30.000",
      "level" : "light",
      "seconds" : 30
    },{
      "dateTime" : "2020-02-03T05:04:00.000",
      "level" : "wake",
      "seconds" : 540
    },{
      "dateTime" : "2020-02-03T05:13:00.000",
      "level" : "light",
      "seconds" : 1890
    },{
      "dateTime" : "2020-02-03T05:44:30.000",
      "level" : "rem",
      "seconds" : 1860
    },{
      "dateTime" : "2020-02-03T06:15:30.000",
      "level" : "light",
      "seconds" : 1110
    }],
    "shortData" : [{
      "dateTime" : "2020-02-02T23:06:00.000",
      "level" : "wake",
      "seconds" : 30
    },{
      "dateTime" : "2020-02-02T23:21:00.000",
      "level" : "wake",
      "seconds" : 60
    },{
      "dateTime" : "2020-02-02T23:47:00.000",
      "level" : "wake",
      "seconds" : 60
    },{
      "dateTime" : "2020-02-02T23:52:00.000",
      "level" : "wake",
      "seconds" : 180
    },{
      "dateTime" : "2020-02-02T23:58:30.000",
      "level" : "wake",
      "seconds" : 30
    },{
      "dateTime" : "2020-02-03T00:05:30.000",
      "level" : "wake",
      "seconds" : 90
    },{
      "dateTime" : "2020-02-03T00:48:00.000",
      "level" : "wake",
      "seconds" : 60
    },{
      "dateTime" : "2020-02-03T01:18:00.000",
      "level" : "wake",
      "seconds" : 30
    },{
      "dateTime" : "2020-02-03T01:51:30.000",
      "level" : "wake",
      "seconds" : 30
    },{
      "dateTime" : "2020-02-03T02:02:30.000",
      "level" : "wake",
      "seconds" : 30
    },{
      "dateTime" : "2020-02-03T02:32:00.000",
      "level" : "wake",
      "seconds" : 30
    },{
      "dateTime" : "2020-02-03T02:46:00.000",
      "level" : "wake",
      "seconds" : 30
    },{
      "dateTime" : "2020-02-03T03:38:00.000",
      "level" : "wake",
      "seconds" : 60
    },{
      "dateTime" : "2020-02-03T03:53:30.000",
      "level" : "wake",
      "seconds" : 30
    },{
      "dateTime" : "2020-02-03T04:06:30.000",
      "level" : "wake",
      "seconds" : 30
    },{
      "dateTime" : "2020-02-03T04:15:00.000",
      "level" : "wake",
      "seconds" : 60
    },{
      "dateTime" : "2020-02-03T04:43:00.000",
      "level" : "wake",
      "seconds" : 60
    },{
      "dateTime" : "2020-02-03T05:00:00.000",
      "level" : "wake",
      "seconds" : 30
    },{
      "dateTime" : "2020-02-03T05:28:00.000",
      "level" : "wake",
      "seconds" : 90
    },{
      "dateTime" : "2020-02-03T05:33:00.000",
      "level" : "wake",
      "seconds" : 60
    },{
      "dateTime" : "2020-02-03T06:05:30.000",
      "level" : "wake",
      "seconds" : 30
    },{
      "dateTime" : "2020-02-03T06:17:30.000",
      "level" : "wake",
      "seconds" : 60
    },{
      "dateTime" : "2020-02-03T06:24:30.000",
      "level" : "wake",
      "seconds" : 180
    },{
      "dateTime" : "2020-02-03T06:29:00.000",
      "level" : "wake",
      "seconds" : 60
    }]
  },
  "mainSleep" : true
},{
  "logId" : 25750225170,
  "dateOfSleep" : "2020-02-02",
  "startTime" : "2020-02-02T06:47:00.000",
  "endTime" : "2020-02-02T08:34:30.000",
  "duration" : 6420000,
  "minutesToFallAsleep" : 0,
  "minutesAsleep" : 103,
  "minutesAwake" : 4,
  "minutesAfterWakeup" : 0,
  "timeInBed" : 107,
  "efficiency" : 96,
  "type" : "classic",
  "infoCode" : 2,
  "logType" : "auto_detected",
  "levels" : {
    "summary" : {
      "restless" : {
        "count" : 2,
        "minutes" : 4
      },
      "awake" : {
        "count" : 0,
        "minutes" : 0
      },
      "asleep" : {
        "count" : 0,
        "minutes" : 103
      }
    },
    "data" : [{
      "dateTime" : "2020-02-02T06:47:00.000",
      "level" : "asleep",
      "seconds" : 4320
    },{
      "dateTime" : "2020-02-02T07:59:00.000",
      "level" : "restless",
      "seconds" : 60
    },{
      "dateTime" : "2020-02-02T08:00:00.000",
      "level" : "asleep",
      "seconds" : 960
    },{
      "dateTime" : "2020-02-02T08:16:00.000",
      "level" : "restless",
      "seconds" : 180
    },{
      "dateTime" : "2020-02-02T08:19:00.000",
      "level" : "asleep",
      "seconds" : 900
    }]
  },
  "mainSleep" : false
},{
  "logId" : 25750225169,
  "dateOfSleep" : "2020-02-02",
  "startTime" : "2020-02-01T21:49:00.000",
  "endTime" : "2020-02-02T05:18:00.000",
  "duration" : 26940000,
  "minutesToFallAsleep" : 0,
  "minutesAsleep" : 407,
  "minutesAwake" : 42,
  "minutesAfterWakeup" : 0,
  "timeInBed" : 449,
  "efficiency" : 90,
  "type" : "stages",
  "infoCode" : 0,
  "logType" : "auto_detected",
  "levels" : {
    "summary" : {
      "deep" : {
        "count" : 5,
        "minutes" : 58,
        "thirtyDayAvgMinutes" : 60
      },
      "wake" : {
        "count" : 30,
        "minutes" : 42,
        "thirtyDayAvgMinutes" : 57
      },
      "light" : {
        "count" : 32,
        "minutes" : 222,
        "thirtyDayAvgMinutes" : 200
      },
      "rem" : {
        "count" : 7,
        "minutes" : 127,
        "thirtyDayAvgMinutes" : 73
      }
    },
    "data" : [{
      "dateTime" : "2020-02-01T21:49:00.000",
      "level" : "wake",
      "seconds" : 780
    },{
      "dateTime" : "2020-02-01T22:02:00.000",
      "level" : "light",
      "seconds" : 2580
    },{
      "dateTime" : "2020-02-01T22:45:00.000",
      "level" : "deep",
      "seconds" : 270
    },{
      "dateTime" : "2020-02-01T22:49:30.000",
      "level" : "light",
      "seconds" : 480
    },{
      "dateTime" : "2020-02-01T22:57:30.000",
      "level" : "rem",
      "seconds" : 1740
    },{
      "dateTime" : "2020-02-01T23:26:30.000",
      "level" : "light",
      "seconds" : 690
    },{
      "dateTime" : "2020-02-01T23:38:00.000",
      "level" : "deep",
      "seconds" : 450
    },{
      "dateTime" : "2020-02-01T23:45:30.000",
      "level" : "light",
      "seconds" : 1410
    },{
      "dateTime" : "2020-02-02T00:09:00.000",
      "level" : "deep",
      "seconds" : 1080
    },{
      "dateTime" : "2020-02-02T00:27:00.000",
      "level" : "light",
      "seconds" : 810
    },{
      "dateTime" : "2020-02-02T00:40:30.000",
      "level" : "wake",
      "seconds" : 330
    },{
      "dateTime" : "2020-02-02T00:46:00.000",
      "level" : "light",
      "seconds" : 120
    },{
      "dateTime" : "2020-02-02T00:48:00.000",
      "level" : "rem",
      "seconds" : 1830
    },{
      "dateTime" : "2020-02-02T01:18:30.000",
      "level" : "light",
      "seconds" : 2700
    },{
      "dateTime" : "2020-02-02T02:03:30.000",
      "level" : "deep",
      "seconds" : 360
    },{
      "dateTime" : "2020-02-02T02:09:30.000",
      "level" : "light",
      "seconds" : 900
    },{
      "dateTime" : "2020-02-02T02:24:30.000",
      "level" : "rem",
      "seconds" : 1890
    },{
      "dateTime" : "2020-02-02T02:56:00.000",
      "level" : "light",
      "seconds" : 1380
    },{
      "dateTime" : "2020-02-02T03:19:00.000",
      "level" : "deep",
      "seconds" : 1350
    },{
      "dateTime" : "2020-02-02T03:41:30.000",
      "level" : "light",
      "seconds" : 1080
    },{
      "dateTime" : "2020-02-02T03:59:30.000",
      "level" : "rem",
      "seconds" : 2280
    },{
      "dateTime" : "2020-02-02T04:37:30.000",
      "level" : "light",
      "seconds" : 2430
    }],
    "shortData" : [{
      "dateTime" : "2020-02-01T22:05:00.000",
      "level" : "wake",
      "seconds" : 60
    },{
      "dateTime" : "2020-02-01T22:09:30.000",
      "level" : "wake",
      "seconds" : 120
    },{
      "dateTime" : "2020-02-01T22:19:30.000",
      "level" : "wake",
      "seconds" : 60
    },{
      "dateTime" : "2020-02-01T22:49:30.000",
      "level" : "wake",
      "seconds" : 120
    },{
      "dateTime" : "2020-02-01T23:15:30.000",
      "level" : "wake",
      "seconds" : 30
    },{
      "dateTime" : "2020-02-01T23:27:30.000",
      "level" : "wake",
      "seconds" : 60
    },{
      "dateTime" : "2020-02-01T23:45:30.000",
      "level" : "wake",
      "seconds" : 60
    },{
      "dateTime" : "2020-02-02T00:02:30.000",
      "level" : "wake",
      "seconds" : 30
    },{
      "dateTime" : "2020-02-02T01:17:30.000",
      "level" : "wake",
      "seconds" : 60
    },{
      "dateTime" : "2020-02-02T01:37:30.000",
      "level" : "wake",
      "seconds" : 60
    },{
      "dateTime" : "2020-02-02T01:40:30.000",
      "level" : "wake",
      "seconds" : 30
    },{
      "dateTime" : "2020-02-02T02:17:30.000",
      "level" : "wake",
      "seconds" : 30
    },{
      "dateTime" : "2020-02-02T02:20:00.000",
      "level" : "wake",
      "seconds" : 120
    },{
      "dateTime" : "2020-02-02T02:52:00.000",
      "level" : "wake",
      "seconds" : 30
    },{
      "dateTime" : "2020-02-02T02:58:00.000",
      "level" : "wake",
      "seconds" : 30
    },{
      "dateTime" : "2020-02-02T03:00:00.000",
      "level" : "wake",
      "seconds" : 30
    },{
      "dateTime" : "2020-02-02T03:08:30.000",
      "level" : "wake",
      "seconds" : 120
    },{
      "dateTime" : "2020-02-02T03:41:00.000",
      "level" : "wake",
      "seconds" : 30
    },{
      "dateTime" : "2020-02-02T03:45:00.000",
      "level" : "wake",
      "seconds" : 30
    },{
      "dateTime" : "2020-02-02T03:48:00.000",
      "level" : "wake",
      "seconds" : 30
    },{
      "dateTime" : "2020-02-02T03:50:30.000",
      "level" : "wake",
      "seconds" : 30
    },{
      "dateTime" : "2020-02-02T03:52:30.000",
      "level" : "wake",
      "seconds" : 30
    },{
      "dateTime" : "2020-02-02T03:58:30.000",
      "level" : "wake",
      "seconds" : 30
    },{
      "dateTime" : "2020-02-02T04:19:30.000",
      "level" : "wake",
      "seconds" : 30
    },{
      "dateTime" : "2020-02-02T04:38:30.000",
      "level" : "wake",
      "seconds" : 30
    },{
      "dateTime" : "2020-02-02T04:46:00.000",
      "level" : "wake",
      "seconds" : 30
    },{
      "dateTime" : "2020-02-02T05:01:30.000",
      "level" : "wake",
      "seconds" : 30
    },{
      "dateTime" : "2020-02-02T05:16:00.000",
      "level" : "wake",
      "seconds" : 60
    }]
  },
  "mainSleep" : true
},{
  "logId" : 25750225168,
  "dateOfSleep" : "2020-02-01",
  "startTime" : "2020-02-01T08:09:00.000",
  "endTime" : "2020-02-01T11:05:00.000",
  "duration" : 10560000,
  "minutesToFallAsleep" : 0,
  "minutesAsleep" : 160,
  "minutesAwake" : 14,
  "minutesAfterWakeup" : 2,
  "timeInBed" : 176,
  "efficiency" : 92,
  "type" : "classic",
  "infoCode" : 2,
  "logType" : "auto_detected",
  "levels" : {
    "summary" : {
      "restless" : {
        "count" : 6,
        "minutes" : 12
      },
      "awake" : {
        "count" : 1,
        "minutes" : 4
      },
      "asleep" : {
        "count" : 0,
        "minutes" : 160
      }
    },
    "data" : [{
      "dateTime" : "2020-02-01T08:09:00.000",
      "level" : "restless",
      "seconds" : 60
    },{
      "dateTime" : "2020-02-01T08:10:00.000",
      "level" : "awake",
      "seconds" : 240
    },{
      "dateTime" : "2020-02-01T08:14:00.000",
      "level" : "asleep",
      "seconds" : 2700
    },{
      "dateTime" : "2020-02-01T08:59:00.000",
      "level" : "restless",
      "seconds" : 120
    },{
      "dateTime" : "2020-02-01T09:01:00.000",
      "level" : "asleep",
      "seconds" : 120
    },{
      "dateTime" : "2020-02-01T09:03:00.000",
      "level" : "restless",
      "seconds" : 120
    },{
      "dateTime" : "2020-02-01T09:05:00.000",
      "level" : "asleep",
      "seconds" : 2940
    },{
      "dateTime" : "2020-02-01T09:54:00.000",
      "level" : "restless",
      "seconds" : 120
    },{
      "dateTime" : "2020-02-01T09:56:00.000",
      "level" : "asleep",
      "seconds" : 1500
    },{
      "dateTime" : "2020-02-01T10:21:00.000",
      "level" : "restless",
      "seconds" : 180
    },{
      "dateTime" : "2020-02-01T10:24:00.000",
      "level" : "asleep",
      "seconds" : 2340
    },{
      "dateTime" : "2020-02-01T11:03:00.000",
      "level" : "restless",
      "seconds" : 120
    }]
  },
  "mainSleep" : false
},{
  "logId" : 25750225167,
  "dateOfSleep" : "2020-02-01",
  "startTime" : "2020-02-01T02:36:00.000",
  "endTime" : "2020-02-01T06:58:00.000",
  "duration" : 15720000,
  "minutesToFallAsleep" : 0,
  "minutesAsleep" : 218,
  "minutesAwake" : 44,
  "minutesAfterWakeup" : 0,
  "timeInBed" : 262,
  "efficiency" : 91,
  "type" : "stages",
  "infoCode" : 0,
  "logType" : "auto_detected",
  "levels" : {
    "summary" : {
      "deep" : {
        "count" : 3,
        "minutes" : 61,
        "thirtyDayAvgMinutes" : 59
      },
      "wake" : {
        "count" : 13,
        "minutes" : 44,
        "thirtyDayAvgMinutes" : 61
      },
      "light" : {
        "count" : 14,
        "minutes" : 113,
        "thirtyDayAvgMinutes" : 228
      },
      "rem" : {
        "count" : 3,
        "minutes" : 44,
        "thirtyDayAvgMinutes" : 83
      }
    },
    "data" : [{
      "dateTime" : "2020-02-01T02:36:00.000",
      "level" : "wake",
      "seconds" : 300
    },{
      "dateTime" : "2020-02-01T02:41:00.000",
      "level" : "light",
      "seconds" : 720
    },{
      "dateTime" : "2020-02-01T02:53:00.000",
      "level" : "deep",
      "seconds" : 840
    },{
      "dateTime" : "2020-02-01T03:07:00.000",
      "level" : "light",
      "seconds" : 330
    },{
      "dateTime" : "2020-02-01T03:12:30.000",
      "level" : "deep",
      "seconds" : 1140
    },{
      "dateTime" : "2020-02-01T03:31:30.000",
      "level" : "light",
      "seconds" : 870
    },{
      "dateTime" : "2020-02-01T03:46:00.000",
      "level" : "rem",
      "seconds" : 570
    },{
      "dateTime" : "2020-02-01T03:55:30.000",
      "level" : "light",
      "seconds" : 1320
    },{
      "dateTime" : "2020-02-01T04:17:30.000",
      "level" : "deep",
      "seconds" : 1710
    },{
      "dateTime" : "2020-02-01T04:46:00.000",
      "level" : "light",
      "seconds" : 780
    },{
      "dateTime" : "2020-02-01T04:59:00.000",
      "level" : "rem",
      "seconds" : 300
    },{
      "dateTime" : "2020-02-01T05:04:00.000",
      "level" : "light",
      "seconds" : 240
    },{
      "dateTime" : "2020-02-01T05:08:00.000",
      "level" : "rem",
      "seconds" : 1830
    },{
      "dateTime" : "2020-02-01T05:38:30.000",
      "level" : "light",
      "seconds" : 2130
    },{
      "dateTime" : "2020-02-01T06:14:00.000",
      "level" : "wake",
      "seconds" : 540
    },{
      "dateTime" : "2020-02-01T06:23:00.000",
      "level" : "light",
      "seconds" : 300
    },{
      "dateTime" : "2020-02-01T06:28:00.000",
      "level" : "wake",
      "seconds" : 750
    },{
      "dateTime" : "2020-02-01T06:40:30.000",
      "level" : "light",
      "seconds" : 300
    },{
      "dateTime" : "2020-02-01T06:45:30.000",
      "level" : "wake",
      "seconds" : 750
    }],
    "shortData" : [{
      "dateTime" : "2020-02-01T03:06:30.000",
      "level" : "wake",
      "seconds" : 30
    },{
      "dateTime" : "2020-02-01T03:34:00.000",
      "level" : "wake",
      "seconds" : 30
    },{
      "dateTime" : "2020-02-01T03:38:30.000",
      "level" : "wake",
      "seconds" : 30
    },{
      "dateTime" : "2020-02-01T03:41:30.000",
      "level" : "wake",
      "seconds" : 60
    },{
      "dateTime" : "2020-02-01T03:55:30.000",
      "level" : "wake",
      "seconds" : 30
    },{
      "dateTime" : "2020-02-01T04:06:30.000",
      "level" : "wake",
      "seconds" : 60
    },{
      "dateTime" : "2020-02-01T05:03:30.000",
      "level" : "wake",
      "seconds" : 30
    },{
      "dateTime" : "2020-02-01T05:38:00.000",
      "level" : "wake",
      "seconds" : 30
    },{
      "dateTime" : "2020-02-01T06:05:30.000",
      "level" : "wake",
      "seconds" : 30
    }]
  },
  "mainSleep" : true
},{
  "logId" : 25750225166,
  "dateOfSleep" : "2020-01-30",
  "startTime" : "2020-01-29T23:29:00.000",
  "endTime" : "2020-01-30T05:46:00.000",
  "duration" : 22620000,
  "minutesToFallAsleep" : 0,
  "minutesAsleep" : 305,
  "minutesAwake" : 72,
  "minutesAfterWakeup" : 1,
  "timeInBed" : 377,
  "efficiency" : 93,
  "type" : "stages",
  "infoCode" : 0,
  "logType" : "auto_detected",
  "levels" : {
    "summary" : {
      "deep" : {
        "count" : 4,
        "minutes" : 55,
        "thirtyDayAvgMinutes" : 62
      },
      "wake" : {
        "count" : 21,
        "minutes" : 72,
        "thirtyDayAvgMinutes" : 55
      },
      "light" : {
        "count" : 19,
        "minutes" : 150,
        "thirtyDayAvgMinutes" : 268
      },
      "rem" : {
        "count" : 11,
        "minutes" : 100,
        "thirtyDayAvgMinutes" : 75
      }
    },
    "data" : [{
      "dateTime" : "2020-01-29T23:29:00.000",
      "level" : "wake",
      "seconds" : 420
    },{
      "dateTime" : "2020-01-29T23:36:00.000",
      "level" : "light",
      "seconds" : 120
    },{
      "dateTime" : "2020-01-29T23:38:00.000",
      "level" : "wake",
      "seconds" : 300
    },{
      "dateTime" : "2020-01-29T23:43:00.000",
      "level" : "light",
      "seconds" : 1320
    },{
      "dateTime" : "2020-01-30T00:05:00.000",
      "level" : "deep",
      "seconds" : 330
    },{
      "dateTime" : "2020-01-30T00:10:30.000",
      "level" : "light",
      "seconds" : 900
    },{
      "dateTime" : "2020-01-30T00:25:30.000",
      "level" : "rem",
      "seconds" : 720
    },{
      "dateTime" : "2020-01-30T00:37:30.000",
      "level" : "light",
      "seconds" : 240
    },{
      "dateTime" : "2020-01-30T00:41:30.000",
      "level" : "deep",
      "seconds" : 480
    },{
      "dateTime" : "2020-01-30T00:49:30.000",
      "level" : "light",
      "seconds" : 2130
    },{
      "dateTime" : "2020-01-30T01:25:00.000",
      "level" : "wake",
      "seconds" : 390
    },{
      "dateTime" : "2020-01-30T01:31:30.000",
      "level" : "light",
      "seconds" : 360
    },{
      "dateTime" : "2020-01-30T01:37:30.000",
      "level" : "rem",
      "seconds" : 1170
    },{
      "dateTime" : "2020-01-30T01:57:00.000",
      "level" : "light",
      "seconds" : 630
    },{
      "dateTime" : "2020-01-30T02:07:30.000",
      "level" : "deep",
      "seconds" : 390
    },{
      "dateTime" : "2020-01-30T02:14:00.000",
      "level" : "light",
      "seconds" : 1380
    },{
      "dateTime" : "2020-01-30T02:37:00.000",
      "level" : "wake",
      "seconds" : 330
    },{
      "dateTime" : "2020-01-30T02:42:30.000",
      "level" : "light",
      "seconds" : 390
    },{
      "dateTime" : "2020-01-30T02:49:00.000",
      "level" : "rem",
      "seconds" : 2460
    },{
      "dateTime" : "2020-01-30T03:30:00.000",
      "level" : "light",
      "seconds" : 1620
    },{
      "dateTime" : "2020-01-30T03:57:00.000",
      "level" : "deep",
      "seconds" : 2280
    },{
      "dateTime" : "2020-01-30T04:35:00.000",
      "level" : "light",
      "seconds" : 180
    },{
      "dateTime" : "2020-01-30T04:38:00.000",
      "level" : "rem",
      "seconds" : 1350
    },{
      "dateTime" : "2020-01-30T05:00:30.000",
      "level" : "light",
      "seconds" : 150
    },{
      "dateTime" : "2020-01-30T05:03:00.000",
      "level" : "wake",
      "seconds" : 1800
    },{
      "dateTime" : "2020-01-30T05:33:00.000",
      "level" : "light",
      "seconds" : 30
    },{
      "dateTime" : "2020-01-30T05:33:30.000",
      "level" : "rem",
      "seconds" : 450
    },{
      "dateTime" : "2020-01-30T05:41:00.000",
      "level" : "wake",
      "seconds" : 300
    }],
    "shortData" : [{
      "dateTime" : "2020-01-30T00:01:30.000",
      "level" : "wake",
      "seconds" : 30
    },{
      "dateTime" : "2020-01-30T00:49:30.000",
      "level" : "wake",
      "seconds" : 150
    },{
      "dateTime" : "2020-01-30T01:09:30.000",
      "level" : "wake",
      "seconds" : 120
    },{
      "dateTime" : "2020-01-30T01:34:30.000",
      "level" : "wake",
      "seconds" : 30
    },{
      "dateTime" : "2020-01-30T02:14:00.000",
      "level" : "wake",
      "seconds" : 30
    },{
      "dateTime" : "2020-01-30T02:34:00.000",
      "level" : "wake",
      "seconds" : 60
    },{
      "dateTime" : "2020-01-30T02:45:00.000",
      "level" : "wake",
      "seconds" : 30
    },{
      "dateTime" : "2020-01-30T02:50:30.000",
      "level" : "wake",
      "seconds" : 30
    },{
      "dateTime" : "2020-01-30T03:08:00.000",
      "level" : "wake",
      "seconds" : 30
    },{
      "dateTime" : "2020-01-30T03:19:00.000",
      "level" : "wake",
      "seconds" : 30
    },{
      "dateTime" : "2020-01-30T03:45:30.000",
      "level" : "wake",
      "seconds" : 30
    },{
      "dateTime" : "2020-01-30T04:32:30.000",
      "level" : "wake",
      "seconds" : 150
    },{
      "dateTime" : "2020-01-30T04:41:30.000",
      "level" : "wake",
      "seconds" : 30
    },{
      "dateTime" : "2020-01-30T04:47:00.000",
      "level" : "wake",
      "seconds" : 30
    },{
      "dateTime" : "2020-01-30T04:50:30.000",
      "level" : "wake",
      "seconds" : 30
    }]
  },
  "mainSleep" : true
},{
  "logId" : 25750225165,
  "dateOfSleep" : "2020-01-28",
  "startTime" : "2020-01-27T22:25:00.000",
  "endTime" : "2020-01-28T06:32:30.000",
  "duration" : 29220000,
  "minutesToFallAsleep" : 0,
  "minutesAsleep" : 427,
  "minutesAwake" : 60,
  "minutesAfterWakeup" : 0,
  "timeInBed" : 487,
  "efficiency" : 95,
  "type" : "stages",
  "infoCode" : 0,
  "logType" : "auto_detected",
  "levels" : {
    "summary" : {
      "deep" : {
        "count" : 4,
        "minutes" : 84,
        "thirtyDayAvgMinutes" : 39
      },
      "wake" : {
        "count" : 34,
        "minutes" : 60,
        "thirtyDayAvgMinutes" : 50
      },
      "light" : {
        "count" : 34,
        "minutes" : 259,
        "thirtyDayAvgMinutes" : 276
      },
      "rem" : {
        "count" : 8,
        "minutes" : 84,
        "thirtyDayAvgMinutes" : 65
      }
    },
    "data" : [{
      "dateTime" : "2020-01-27T22:25:00.000",
      "level" : "wake",
      "seconds" : 30
    },{
      "dateTime" : "2020-01-27T22:25:30.000",
      "level" : "light",
      "seconds" : 5280
    },{
      "dateTime" : "2020-01-27T23:53:30.000",
      "level" : "deep",
      "seconds" : 480
    },{
      "dateTime" : "2020-01-28T00:01:30.000",
      "level" : "light",
      "seconds" : 450
    },{
      "dateTime" : "2020-01-28T00:09:00.000",
      "level" : "deep",
      "seconds" : 2100
    },{
      "dateTime" : "2020-01-28T00:44:00.000",
      "level" : "wake",
      "seconds" : 540
    },{
      "dateTime" : "2020-01-28T00:53:00.000",
      "level" : "light",
      "seconds" : 30
    },{
      "dateTime" : "2020-01-28T00:53:30.000",
      "level" : "rem",
      "seconds" : 330
    },{
      "dateTime" : "2020-01-28T00:59:00.000",
      "level" : "light",
      "seconds" : 1200
    },{
      "dateTime" : "2020-01-28T01:19:00.000",
      "level" : "deep",
      "seconds" : 1290
    },{
      "dateTime" : "2020-01-28T01:40:30.000",
      "level" : "light",
      "seconds" : 540
    },{
      "dateTime" : "2020-01-28T01:49:30.000",
      "level" : "rem",
      "seconds" : 1260
    },{
      "dateTime" : "2020-01-28T02:10:30.000",
      "level" : "light",
      "seconds" : 90
    },{
      "dateTime" : "2020-01-28T02:12:00.000",
      "level" : "wake",
      "seconds" : 360
    },{
      "dateTime" : "2020-01-28T02:18:00.000",
      "level" : "light",
      "seconds" : 690
    },{
      "dateTime" : "2020-01-28T02:29:30.000",
      "level" : "deep",
      "seconds" : 1260
    },{
      "dateTime" : "2020-01-28T02:50:30.000",
      "level" : "light",
      "seconds" : 1170
    },{
      "dateTime" : "2020-01-28T03:10:00.000",
      "level" : "wake",
      "seconds" : 300
    },{
      "dateTime" : "2020-01-28T03:15:00.000",
      "level" : "rem",
      "seconds" : 1350
    },{
      "dateTime" : "2020-01-28T03:37:30.000",
      "level" : "light",
      "seconds" : 330
    },{
      "dateTime" : "2020-01-28T03:43:00.000",
      "level" : "rem",
      "seconds" : 690
    },{
      "dateTime" : "2020-01-28T03:54:30.000",
      "level" : "light",
      "seconds" : 3540
    },{
      "dateTime" : "2020-01-28T04:53:30.000",
      "level" : "rem",
      "seconds" : 390
    },{
      "dateTime" : "2020-01-28T05:00:00.000",
      "level" : "wake",
      "seconds" : 450
    },{
      "dateTime" : "2020-01-28T05:07:30.000",
      "level" : "light",
      "seconds" : 60
    },{
      "dateTime" : "2020-01-28T05:08:30.000",
      "level" : "rem",
      "seconds" : 1200
    },{
      "dateTime" : "2020-01-28T05:28:30.000",
      "level" : "light",
      "seconds" : 3840
    }],
    "shortData" : [{
      "dateTime" : "2020-01-27T22:25:00.000",
      "level" : "wake",
      "seconds" : 180
    },{
      "dateTime" : "2020-01-27T22:30:30.000",
      "level" : "wake",
      "seconds" : 90
    },{
      "dateTime" : "2020-01-27T22:36:30.000",
      "level" : "wake",
      "seconds" : 30
    },{
      "dateTime" : "2020-01-27T22:38:30.000",
      "level" : "wake",
      "seconds" : 60
    },{
      "dateTime" : "2020-01-27T22:46:00.000",
      "level" : "wake",
      "seconds" : 30
    },{
      "dateTime" : "2020-01-27T23:01:30.000",
      "level" : "wake",
      "seconds" : 30
    },{
      "dateTime" : "2020-01-28T00:03:30.000",
      "level" : "wake",
      "seconds" : 30
    },{
      "dateTime" : "2020-01-28T00:59:00.000",
      "level" : "wake",
      "seconds" : 60
    },{
      "dateTime" : "2020-01-28T01:10:30.000",
      "level" : "wake",
      "seconds" : 90
    },{
      "dateTime" : "2020-01-28T01:40:00.000",
      "level" : "wake",
      "seconds" : 30
    },{
      "dateTime" : "2020-01-28T01:43:30.000",
      "level" : "wake",
      "seconds" : 150
    },{
      "dateTime" : "2020-01-28T01:58:00.000",
      "level" : "wake",
      "seconds" : 30
    },{
      "dateTime" : "2020-01-28T02:50:00.000",
      "level" : "wake",
      "seconds" : 30
    },{
      "dateTime" : "2020-01-28T03:05:30.000",
      "level" : "wake",
      "seconds" : 30
    },{
      "dateTime" : "2020-01-28T03:08:00.000",
      "level" : "wake",
      "seconds" : 30
    },{
      "dateTime" : "2020-01-28T03:39:00.000",
      "level" : "wake",
      "seconds" : 90
    },{
      "dateTime" : "2020-01-28T03:53:00.000",
      "level" : "wake",
      "seconds" : 90
    },{
      "dateTime" : "2020-01-28T04:00:00.000",
      "level" : "wake",
      "seconds" : 60
    },{
      "dateTime" : "2020-01-28T04:16:30.000",
      "level" : "wake",
      "seconds" : 30
    },{
      "dateTime" : "2020-01-28T04:23:00.000",
      "level" : "wake",
      "seconds" : 120
    },{
      "dateTime" : "2020-01-28T04:30:30.000",
      "level" : "wake",
      "seconds" : 30
    },{
      "dateTime" : "2020-01-28T04:34:30.000",
      "level" : "wake",
      "seconds" : 120
    },{
      "dateTime" : "2020-01-28T05:17:30.000",
      "level" : "wake",
      "seconds" : 30
    },{
      "dateTime" : "2020-01-28T05:28:00.000",
      "level" : "wake",
      "seconds" : 30
    },{
      "dateTime" : "2020-01-28T05:30:00.000",
      "level" : "wake",
      "seconds" : 30
    },{
      "dateTime" : "2020-01-28T05:34:00.000",
      "level" : "wake",
      "seconds" : 180
    },{
      "dateTime" : "2020-01-28T05:51:00.000",
      "level" : "wake",
      "seconds" : 120
    },{
      "dateTime" : "2020-01-28T06:13:00.000",
      "level" : "wake",
      "seconds" : 60
    },{
      "dateTime" : "2020-01-28T06:17:00.000",
      "level" : "wake",
      "seconds" : 60
    },{
      "dateTime" : "2020-01-28T06:19:30.000",
      "level" : "wake",
      "seconds" : 30
    }]
  },
  "mainSleep" : true
},{
  "logId" : 25626113753,
  "dateOfSleep" : "2020-01-27",
  "startTime" : "2020-01-26T22:41:30.000",
  "endTime" : "2020-01-27T05:51:30.000",
  "duration" : 25800000,
  "minutesToFallAsleep" : 0,
  "minutesAsleep" : 380,
  "minutesAwake" : 50,
  "minutesAfterWakeup" : 0,
  "timeInBed" : 430,
  "efficiency" : 96,
  "type" : "stages",
  "infoCode" : 0,
  "logType" : "auto_detected",
  "levels" : {
    "summary" : {
      "deep" : {
        "count" : 2,
        "minutes" : 39,
        "thirtyDayAvgMinutes" : 0
      },
      "wake" : {
        "count" : 30,
        "minutes" : 50,
        "thirtyDayAvgMinutes" : 0
      },
      "light" : {
        "count" : 31,
        "minutes" : 276,
        "thirtyDayAvgMinutes" : 0
      },
      "rem" : {
        "count" : 6,
        "minutes" : 65,
        "thirtyDayAvgMinutes" : 0
      }
    },
    "data" : [{
      "dateTime" : "2020-01-26T22:41:30.000",
      "level" : "wake",
      "seconds" : 270
    },{
      "dateTime" : "2020-01-26T22:46:00.000",
      "level" : "light",
      "seconds" : 1410
    },{
      "dateTime" : "2020-01-26T23:09:30.000",
      "level" : "deep",
      "seconds" : 720
    },{
      "dateTime" : "2020-01-26T23:21:30.000",
      "level" : "light",
      "seconds" : 840
    },{
      "dateTime" : "2020-01-26T23:35:30.000",
      "level" : "wake",
      "seconds" : 720
    },{
      "dateTime" : "2020-01-26T23:47:30.000",
      "level" : "light",
      "seconds" : 1410
    },{
      "dateTime" : "2020-01-27T00:11:00.000",
      "level" : "deep",
      "seconds" : 1620
    },{
      "dateTime" : "2020-01-27T00:38:00.000",
      "level" : "light",
      "seconds" : 420
    },{
      "dateTime" : "2020-01-27T00:45:00.000",
      "level" : "rem",
      "seconds" : 300
    },{
      "dateTime" : "2020-01-27T00:50:00.000",
      "level" : "light",
      "seconds" : 5340
    },{
      "dateTime" : "2020-01-27T02:19:00.000",
      "level" : "rem",
      "seconds" : 870
    },{
      "dateTime" : "2020-01-27T02:33:30.000",
      "level" : "light",
      "seconds" : 2730
    },{
      "dateTime" : "2020-01-27T03:19:00.000",
      "level" : "rem",
      "seconds" : 1020
    },{
      "dateTime" : "2020-01-27T03:36:00.000",
      "level" : "light",
      "seconds" : 690
    },{
      "dateTime" : "2020-01-27T03:47:30.000",
      "level" : "rem",
      "seconds" : 330
    },{
      "dateTime" : "2020-01-27T03:53:00.000",
      "level" : "light",
      "seconds" : 3210
    },{
      "dateTime" : "2020-01-27T04:46:30.000",
      "level" : "rem",
      "seconds" : 1470
    },{
      "dateTime" : "2020-01-27T05:11:00.000",
      "level" : "light",
      "seconds" : 1140
    },{
      "dateTime" : "2020-01-27T05:30:00.000",
      "level" : "wake",
      "seconds" : 570
    },{
      "dateTime" : "2020-01-27T05:39:30.000",
      "level" : "light",
      "seconds" : 510
    },{
      "dateTime" : "2020-01-27T05:48:00.000",
      "level" : "wake",
      "seconds" : 210
    }],
    "shortData" : [{
      "dateTime" : "2020-01-26T23:00:00.000",
      "level" : "wake",
      "seconds" : 30
    },{
      "dateTime" : "2020-01-26T23:21:00.000",
      "level" : "wake",
      "seconds" : 30
    },{
      "dateTime" : "2020-01-26T23:23:00.000",
      "level" : "wake",
      "seconds" : 150
    },{
      "dateTime" : "2020-01-26T23:29:00.000",
      "level" : "wake",
      "seconds" : 60
    },{
      "dateTime" : "2020-01-26T23:52:30.000",
      "level" : "wake",
      "seconds" : 30
    },{
      "dateTime" : "2020-01-27T00:01:30.000",
      "level" : "wake",
      "seconds" : 30
    },{
      "dateTime" : "2020-01-27T00:05:00.000",
      "level" : "wake",
      "seconds" : 30
    },{
      "dateTime" : "2020-01-27T00:40:00.000",
      "level" : "wake",
      "seconds" : 90
    },{
      "dateTime" : "2020-01-27T00:50:00.000",
      "level" : "wake",
      "seconds" : 30
    },{
      "dateTime" : "2020-01-27T01:17:30.000",
      "level" : "wake",
      "seconds" : 60
    },{
      "dateTime" : "2020-01-27T01:30:30.000",
      "level" : "wake",
      "seconds" : 30
    },{
      "dateTime" : "2020-01-27T01:42:00.000",
      "level" : "wake",
      "seconds" : 60
    },{
      "dateTime" : "2020-01-27T01:50:30.000",
      "level" : "wake",
      "seconds" : 60
    },{
      "dateTime" : "2020-01-27T02:08:30.000",
      "level" : "wake",
      "seconds" : 30
    },{
      "dateTime" : "2020-01-27T02:18:00.000",
      "level" : "wake",
      "seconds" : 30
    },{
      "dateTime" : "2020-01-27T03:04:00.000",
      "level" : "wake",
      "seconds" : 60
    },{
      "dateTime" : "2020-01-27T03:08:00.000",
      "level" : "wake",
      "seconds" : 60
    },{
      "dateTime" : "2020-01-27T03:35:30.000",
      "level" : "wake",
      "seconds" : 30
    },{
      "dateTime" : "2020-01-27T03:43:30.000",
      "level" : "wake",
      "seconds" : 30
    },{
      "dateTime" : "2020-01-27T03:52:30.000",
      "level" : "wake",
      "seconds" : 30
    },{
      "dateTime" : "2020-01-27T03:57:00.000",
      "level" : "wake",
      "seconds" : 30
    },{
      "dateTime" : "2020-01-27T04:12:30.000",
      "level" : "wake",
      "seconds" : 90
    },{
      "dateTime" : "2020-01-27T04:36:00.000",
      "level" : "wake",
      "seconds" : 60
    },{
      "dateTime" : "2020-01-27T04:56:00.000",
      "level" : "wake",
      "seconds" : 30
    },{
      "dateTime" : "2020-01-27T05:15:00.000",
      "level" : "wake",
      "seconds" : 30
    },{
      "dateTime" : "2020-01-27T05:42:00.000",
      "level" : "wake",
      "seconds" : 30
    }]
  },
  "mainSleep" : true
}]