[{
  "dateTime" : "02/11/26 00:00:00",
  "value" : "25"
},{
  "dateTime" : "02/11/26 00:01:00",
  "value" : "28"
},{
  "dateTime" : "02/11/26 00:02:00",
  "value" : "36"
},{
  "dateTime" : "02/11/26 00:05:00",
  "value" : "0"
},{
  "dateTime" : "02/11/26 00:10:00",
  "value" : "0"
},{
  "dateTime" : "02/11/26 00:11:00",
  "value" : "0"
},{
  "dateTime" : "02/11/26 00:12:00",
  "value" : "0"
},{
  "dateTime" : "02/11/26 00:13:00",
  "value" : "0"
},{
  "dateTime" : "02/11/26 00:14:00",
  "value" : "0"
},{
  "dateTime" : "02/11/26 00:15:00",
  "value" : "0"
},{
  "dateTime" : "02/11/26 00:17:00",
  "value" : "0"
},{
  "dateTime" : "02/11/26 00:18:00",
  "value" : "0"
},{
  "dateTime" : "02/11/26 00:19:00",
  "value" : "0"
},{
  "dateTime" : "02/11/26 00:20:00",
  "value" : "0"
},{
  "dateTime" : "02/11/26 00:21:00",
  "value" : "0"
},{
  "dateTime" : "02/11/26 00:22:00",
  "value" : "0"
},{
  "dateTime" : "02/11/26 00:23:00",
  "value" : "0"
},{
  "dateTime" : "02/11/26 00:24:00",
  "value" : "0"
},{
  "dateTime" : "02/11/26 00:26:00",
  "value" : "0"
},{
  "dateTime" : "02/11/26 00:27:00",
  "value" : "0"
},{
  "dateTime" : "02/11/26 00:28:00",
  "value" : "0"
},{
  "dateTime" : "02/11/26 00:29:00",
  "value" : "0"
},{
  "dateTime" : "02/11/26 00:30:00",
  "value" : "0"
},{
  "dateTime" : "02/11/26 00:31:00",
  "value" : "0"
},{
  "dateTime" : "02/11/26 00:32:00",
  "value" : "0"
},{
  "dateTime" : "02/11/26 00:33:00",
  "value" : "0"
},{
  "dateTime" : "02/11/26 00:34:00",
  "value" : "0"
},{
  "dateTime" : "02/11/26 00:35:00",
  "value" : "0"
},{
  "dateTime" : "02/11/26 00:36:00",
  "value" : "0"
},{
  "dateTime" : "02/11/26 00:37:00",
  "value" : "0"
},{
  "dateTime" : "02/11/26 00:38:00",
  "value" : "0"
},{
  "dateTime" : "02/11/26 00:41:00",
  "value" : "0"
},{
  "dateTime" : "02/11/26 00:42:00",
  "value" : "0"
},{
  "dateTime" : "02/11/26 00:43:00",
  "value" : "0"
},{
  "dateTime" : "02/11/26 00:44:00",
  "value" : "0"
},{
  "dateTime" : "02/11/26 00:45:00",
  "value" : "0"
},{
  "dateTime" : "02/11/26 00:47:00",
  "value" : "0"
},{
  "dateTime" : "02/11/26 00:48:00",
  "value" : "0"
},{
  "dateTime" : "02/11/26 00:49:00",
  "value" : "0"
},{
  "dateTime" : "02/11/26 00:50:00",
  "value" : "0"
},{
  "dateTime" : "02/11/26 00:51:00",
  "value" : "0"
},{
  "dateTime" : "02/11/26 00:52:00",
  "value" : "0"
},{
  "dateTime" : "02/11/26 00:53:00",
  "value" : "0"
},{
  "dateTime" : "02/11/26 00:54:00",
  "value" : "0"
},{
  "dateTime" : "02/11/26 00:55:00",
  "value" : "0"
},{
  "dateTime" : "02/11/26 00:56:00",
  "value" : "0"
},{
  "dateTime" : "02/11/26 00:57:00",
  "value" : "0"
},{
  "dateTime" : "02/11/26 00:58:00",
  "value" : "0"
},{
  "dateTime" : "02/11/26 00:59:00",
  "value" : "0"
},{
  "dateTime" : "02/11/26 01:00:00",
  "value" : "0"
},{
  "dateTime" : "02/11/26 01:01:00",
  "value" : "0"
},{
  "dateTime" : "02/11/26 01:02:00",
  "value" : "0"
},{
  "dateTime" : "02/11/26 01:03:00",
  "value" : "17"
},{
  "dateTime" : "02/11/26 01:04:00",
  "value" : "0"
},{
  "dateTime" : "02/11/26 01:05:00",
  "value" : "0"
},{
  "dateTime" : "02/11/26 01:06:00",
  "value" : "0"
},{
  "dateTime" : "02/11/26 01:07:00",
  "value" : "0"
},{
  "dateTime" : "02/11/26 01:08:00",
  "value" : "0"
},{
  "dateTime" : "02/11/26 01:09:00",
  "value" : "0"
},{
  "dateTime" : "02/11/26 01:10:00",
  "value" : "0"
},{
  "dateTime" : "02/11/26 01:11:00",
  "value" : "0"
},{
  "dateTime" : "02/11/26 01:12:00",
  "value" : "0"
},{
  "dateTime" : "02/11/26 01:13:00",
  "value" : "0"
},{
  "dateTime" : "02/11/26 01:14:00",
  "value" : "0"
},{
  "dateTime" : "02/11/26 01:15:00",
  "value" : "0"
},{
  "dateTime" : "02/11/26 01:16:00",
  "value" : "0"
},{
  "dateTime" : "02/11/26 01:17:00",
  "value" : "0"
},{
  "dateTime" : "02/11/26 01:18:00",
  "value" : "0"
},{
  "dateTime" : "02/11/26 01:19:00",
  "value" : "0"
},{
  "dateTime" : "02/11/26 01:20:00",
  "value" : "17"
},{
  "dateTime" : "02/11/26 01:21:00",
  "value" : "0"
},{
  "dateTime" : "02/11/26 01:23:00",
  "value" : "0"
},{
  "dateTime" : "02/11/26 01:24:00",
  "value" : "0"
},{
  "dateTime" : "02/11/26 01:26:00",
  "value" : "0"
},{
  "dateTime" : "02/11/26 01:27:00",
  "value" : "0"
},{
  "dateTime" : "02/11/26 01:28:00",
  "value" : "0"
},{
  "dateTime" : "02/11/26 01:29:00",
  "value" : "0"
},{
  "dateTime" : "02/11/26 01:30:00",
  "value" : "0"
},{
  "dateTime" : "02/11/26 01:31:00",
  "value" : "0"
},{
  "dateTime" : "02/11/26 01:32:00",
  "value" : "0"
},{
  "dateTime" : "02/11/26 01:33:00",
  "value" : "0"
},{
  "dateTime" : "02/11/26 01:34:00",
  "value" : "0"
},{
  "dateTime" : "02/11/26 01:35:00",
  "value" : "0"
},{
  "dateTime" : "02/11/26 01:36:00",
  "value" : "0"
},{
  "dateTime" : "02/11/26 01:37:00",
  "value" : "0"
},{
  "dateTime" : "02/11/26 01:38:00",
  "value" : "11"
},{
  "dateTime" : "02/11/26 01:39:00",
  "value" : "0"
},{
  "dateTime" : "02/11/26 01:40:00",
  "value" : "0"
},{
  "dateTime" : "02/11/26 01:41:00",
  "value" : "0"
},{
  "dateTime" : "02/11/26 01:42:00",
  "value" : "0"
},{
  "dateTime" : "02/11/26 01:43:00",
  "value" : "0"
},{
  "dateTime" : "02/11/26 01:45:00",
  "value" : "0"
},{
  "dateTime" : "02/11/26 01:47:00",
  "value" : "0"
},{
  "dateTime" : "02/11/26 01:49:00",
  "value" : "0"
},{
  "dateTime" : "02/11/26 01:50:00",
  "value" : "0"
},{
  "dateTime" : "02/11/26 01:51:00",
  "value" : "0"
},{
  "dateTime" : "02/11/26 01:52:00",
  "value" : "0"
},{
  "dateTime" : "02/11/26 01:53:00",
  "value" : "0"
},{
  "dateTime" : "02/11/26 01:54:00",
  "value" : "0"
},{
  "dateTime" : "02/11/26 01:55:00",
  "value" : "0"
},{
  "dateTime" : "02/11/26 01:56:00",
  "value" : "0"
},{
  "dateTime" : "02/11/26 01:57:00",
  "value" : "0"
},{
  "dateTime" : "02/11/26 01:58:00",
  "value" : "0"
},{
  "dateTime" : "02/11/26 01:59:00",
  "value" : "0"
},{
  "dateTime" : "02/11/26 02:00:00",
  "value" : "0"
},{
  "dateTime" : "02/11/26 02:01:00",
  "value" : "0"
},{
  "dateTime" : "02/11/26 02:02:00",
  "value" : "0"
},{
  "dateTime" : "02/11/26 02:03:00",
  "value" : "0"
},{
  "dateTime" : "02/11/26 02:04:00",
  "value" : "0"
},{
  "dateTime" : "02/11/26 02:05:00",
  "value" : "0"
},{
  "dateTime" : "02/11/26 02:06:00",
  "value" : "0"
},{
  "dateTime" : "02/11/26 02:07:00",
  "value" : "0"
},{
  "dateTime" : "02/11/26 02:08:00",
  "value" : "0"
},{
  "dateTime" : "02/11/26 02:09:00",
  "value" : "0"
},{
  "dateTime" : "02/11/26 02:10:00",
  "value" : "0"
},{
  "dateTime" : "02/11/26 02:11:00",
  "value" : "0"
},{
  "dateTime" : "02/11/26 02:12:00",
  "value" : "0"
},{
  "dateTime" : "02/11/26 02:13:00",
  "value" : "0"
},{
  "dateTime" : "02/11/26 02:14:00",
  "value" : "0"
},{
  "dateTime" : "02/11/26 02:15:00",
  "value" : "0"
},{
  "dateTime" : "02/11/26 02:16:00",
  "value" : "0"
},{
  "dateTime" : "02/11/26 02:17:00",
  "value" : "0"
},{
  "dateTime" : "02/11/26 02:18:00",
  "value" : "0"
},{
  "dateTime" : "02/11/26 02:19:00",
  "value" : "0"
},{
  "dateTime" : "02/11/26 02:20:00",
  "value" : "0"
},{
  "dateTime" : "02/11/26 02:23:00",
  "value" : "10"
},{
  "dateTime" : "02/11/26 02:24:00",
  "value" : "28"
},{
  "dateTime" : "02/11/26 02:28:00",
  "value" : "0"
},{
  "dateTime" : "02/11/26 02:45:00",
  "value" : "0"
},{
  "dateTime" : "02/11/26 02:47:00",
  "value" : "0"
},{
  "dateTime" : "02/11/26 03:10:00",
  "value" : "0"
},{
  "dateTime" : "02/11/26 03:11:00",
  "value" : "0"
},{
  "dateTime" : "02/11/26 03:13:00",
  "value" : "0"
},{
  "dateTime" : "02/11/26 03:14:00",
  "value" : "13"
},{
  "dateTime" : "02/11/26 03:15:00",
  "value" : "3"
},{
  "dateTime" : "02/11/26 03:26:00",
  "value" : "0"
},{
  "dateTime" : "02/11/26 03:39:00",
  "value" : "0"
},{
  "dateTime" : "02/11/26 04:03:00",
  "value" : "0"
},{
  "dateTime" : "02/11/26 04:07:00",
  "value" : "10"
},{
  "dateTime" : "02/11/26 04:12:00",
  "value" : "0"
},{
  "dateTime" : "02/11/26 04:15:00",
  "value" : "0"
},{
  "dateTime" : "02/11/26 04:16:00",
  "value" : "19"
},{
  "dateTime" : "02/11/26 04:17:00",
  "value" : "8"
},{
  "dateTime" : "02/11/26 04:18:00",
  "value" : "8"
},{
  "dateTime" : "02/11/26 04:19:00",
  "value" : "0"
},{
  "dateTime" : "02/11/26 04:27:00",
  "value" : "0"
},{
  "dateTime" : "02/11/26 04:33:00",
  "value" : "22"
},{
  "dateTime" : "02/11/26 04:34:00",
  "value" : "0"
},{
  "dateTime" : "02/11/26 04:35:00",
  "value" : "27"
},{
  "dateTime" : "02/11/26 04:36:00",
  "value" : "11"
},{
  "dateTime" : "02/11/26 04:37:00",
  "value" : "11"
},{
  "dateTime" : "02/11/26 04:38:00",
  "value" : "14"
},{
  "dateTime" : "02/11/26 04:39:00",
  "value" : "33"
},{
  "dateTime" : "02/11/26 04:40:00",
  "value" : "27"
},{
  "dateTime" : "02/11/26 04:41:00",
  "value" : "8"
},{
  "dateTime" : "02/11/26 04:42:00",
  "value" : "0"
},{
  "dateTime" : "02/11/26 04:43:00",
  "value" : "0"
},{
  "dateTime" : "02/11/26 04:44:00",
  "value" : "0"
},{
  "dateTime" : "02/11/26 04:45:00",
  "value" : "0"
},{
  "dateTime" : "02/11/26 04:47:00",
  "value" : "0"
},{
  "dateTime" : "02/11/26 04:51:00",
  "value" : "0"
},{
  "dateTime" : "02/11/26 04:52:00",
  "value" : "0"
},{
  "dateTime" : "02/11/26 04:54:00",
  "value" : "0"
},{
  "dateTime" : "02/11/26 05:00:00",
  "value" : "0"
},{
  "dateTime" : "02/11/26 05:01:00",
  "value" : "0"
},{
  "dateTime" : "02/11/26 05:26:00",
  "value" : "0"
},{
  "dateTime" : "02/11/26 05:27:00",
  "value" : "37"
},{
  "dateTime" : "02/11/26 05:28:00",
  "value" : "16"
},{
  "dateTime" : "02/11/26 05:29:00",
  "value" : "0"
},{
  "dateTime" : "02/11/26 05:30:00",
  "value" : "0"
},{
  "dateTime" : "02/11/26 05:31:00",
  "value" : "21"
},{
  "dateTime" : "02/11/26 05:32:00",
  "value" : "23"
},{
  "dateTime" : "02/11/26 05:33:00",
  "value" : "14"
},{
  "dateTime" : "02/11/26 05:34:00",
  "value" : "0"
},{
  "dateTime" : "02/11/26 05:35:00",
  "value" : "12"
},{
  "dateTime" : "02/11/26 05:36:00",
  "value" : "48"
},{
  "dateTime" : "02/11/26 05:37:00",
  "value" : "0"
},{
  "dateTime" : "02/11/26 05:54:00",
  "value" : "0"
},{
  "dateTime" : "02/11/26 05:55:00",
  "value" : "0"
},{
  "dateTime" : "02/11/26 06:12:00",
  "value" : "0"
},{
  "dateTime" : "02/11/26 07:13:00",
  "value" : "0"
},{
  "dateTime" : "02/11/26 07:14:00",
  "value" : "0"
},{
  "dateTime" : "02/11/26 07:17:00",
  "value" : "0"
},{
  "dateTime" : "02/11/26 07:22:00",
  "value" : "25"
},{
  "dateTime" : "02/11/26 07:23:00",
  "value" : "16"
},{
  "dateTime" : "02/11/26 07:24:00",
  "value" : "23"
},{
  "dateTime" : "02/11/26 07:26:00",
  "value" : "0"
},{
  "dateTime" : "02/11/26 07:28:00",
  "value" : "0"
},{
  "dateTime" : "02/11/26 07:36:00",
  "value" : "0"
},{
  "dateTime" : "02/11/26 07:46:00",
  "value" : "0"
},{
  "dateTime" : "02/11/26 07:47:00",
  "value" : "0"
},{
  "dateTime" : "02/11/26 07:53:00",
  "value" : "0"
}]