[{
  "dateTime" : "08/11/21 21:59:00",
  "value" : "11"
},{
  "dateTime" : "08/11/21 22:00:00",
  "value" : "13"
},{
  "dateTime" : "08/11/21 22:01:00",
  "value" : "35"
},{
  "dateTime" : "08/11/21 22:02:00",
  "value" : "42"
},{
  "dateTime" : "08/11/21 22:03:00",
  "value" : "0"
},{
  "dateTime" : "08/11/21 22:05:00",
  "value" : "31"
},{
  "dateTime" : "08/11/21 22:06:00",
  "value" : "10"
},{
  "dateTime" : "08/11/21 22:07:00",
  "value" : "12"
},{
  "dateTime" : "08/11/21 22:08:00",
  "value" : "8"
},{
  "dateTime" : "08/11/21 22:35:00",
  "value" : "12"
},{
  "dateTime" : "08/11/21 22:37:00",
  "value" : "22"
},{
  "dateTime" : "08/11/21 22:38:00",
  "value" : "45"
},{
  "dateTime" : "08/11/21 22:39:00",
  "value" : "0"
},{
  "dateTime" : "08/11/21 22:47:00",
  "value" : "45"
},{
  "dateTime" : "08/11/21 22:48:00",
  "value" : "15"
},{
  "dateTime" : "08/11/21 22:49:00",
  "value" : "26"
},{
  "dateTime" : "08/11/21 22:50:00",
  "value" : "20"
},{
  "dateTime" : "08/11/21 22:51:00",
  "value" : "62"
},{
  "dateTime" : "08/11/21 22:52:00",
  "value" : "29"
},{
  "dateTime" : "08/11/21 22:53:00",
  "value" : "50"
},{
  "dateTime" : "08/11/21 22:54:00",
  "value" : "29"
},{
  "dateTime" : "08/11/21 22:55:00",
  "value" : "14"
},{
  "dateTime" : "08/11/21 22:56:00",
  "value" : "7"
},{
  "dateTime" : "08/11/21 22:57:00",
  "value" : "17"
},{
  "dateTime" : "08/11/21 22:58:00",
  "value" : "26"
},{
  "dateTime" : "08/11/21 22:59:00",
  "value" : "0"
},{
  "dateTime" : "08/11/21 23:00:00",
  "value" : "0"
},{
  "dateTime" : "08/11/21 23:01:00",
  "value" : "14"
},{
  "dateTime" : "08/11/21 23:02:00",
  "value" : "16"
},{
  "dateTime" : "08/11/21 23:03:00",
  "value" : "0"
},{
  "dateTime" : "08/11/21 23:04:00",
  "value" : "0"
},{
  "dateTime" : "08/11/21 23:05:00",
  "value" : "0"
},{
  "dateTime" : "08/11/21 23:10:00",
  "value" : "0"
},{
  "dateTime" : "08/11/21 23:11:00",
  "value" : "0"
},{
  "dateTime" : "08/11/21 23:12:00",
  "value" : "0"
},{
  "dateTime" : "08/11/21 23:13:00",
  "value" : "0"
},{
  "dateTime" : "08/11/21 23:14:00",
  "value" : "0"
},{
  "dateTime" : "08/11/21 23:15:00",
  "value" : "0"
},{
  "dateTime" : "08/11/21 23:16:00",
  "value" : "0"
},{
  "dateTime" : "08/11/21 23:17:00",
  "value" : "0"
},{
  "dateTime" : "08/11/21 23:18:00",
  "value" : "0"
},{
  "dateTime" : "08/11/21 23:19:00",
  "value" : "0"
},{
  "dateTime" : "08/11/21 23:20:00",
  "value" : "0"
},{
  "dateTime" : "08/11/21 23:23:00",
  "value" : "0"
},{
  "dateTime" : "08/11/21 23:28:00",
  "value" : "0"
},{
  "dateTime" : "08/11/21 23:29:00",
  "value" : "0"
},{
  "dateTime" : "08/11/21 23:32:00",
  "value" : "0"
},{
  "dateTime" : "08/11/21 23:37:00",
  "value" : "0"
},{
  "dateTime" : "08/11/21 23:38:00",
  "value" : "0"
},{
  "dateTime" : "08/11/21 23:39:00",
  "value" : "11"
},{
  "dateTime" : "08/11/21 23:40:00",
  "value" : "0"
},{
  "dateTime" : "08/11/21 23:41:00",
  "value" : "0"
},{
  "dateTime" : "08/11/21 23:47:00",
  "value" : "0"
},{
  "dateTime" : "08/11/21 23:48:00",
  "value" : "0"
},{
  "dateTime" : "08/11/21 23:55:00",
  "value" : "0"
},{
  "dateTime" : "08/11/21 23:56:00",
  "value" : "0"
},{
  "dateTime" : "08/12/21 00:00:00",
  "value" : "12"
},{
  "dateTime" : "08/12/21 00:01:00",
  "value" : "58"
},{
  "dateTime" : "08/12/21 00:02:00",
  "value" : "61"
},{
  "dateTime" : "08/12/21 00:03:00",
  "value" : "0"
},{
  "dateTime" : "08/12/21 00:04:00",
  "value" : "0"
},{
  "dateTime" : "08/12/21 00:05:00",
  "value" : "57"
},{
  "dateTime" : "08/12/21 00:06:00",
  "value" : "0"
},{
  "dateTime" : "08/12/21 00:07:00",
  "value" : "12"
},{
  "dateTime" : "08/12/21 00:08:00",
  "value" : "0"
},{
  "dateTime" : "08/12/21 00:09:00",
  "value" : "0"
},{
  "dateTime" : "08/12/21 00:10:00",
  "value" : "0"
},{
  "dateTime" : "08/12/21 00:11:00",
  "value" : "0"
},{
  "dateTime" : "08/12/21 00:12:00",
  "value" : "7"
},{
  "dateTime" : "08/12/21 00:13:00",
  "value" : "0"
},{
  "dateTime" : "08/12/21 00:14:00",
  "value" : "0"
},{
  "dateTime" : "08/12/21 00:16:00",
  "value" : "21"
},{
  "dateTime" : "08/12/21 00:17:00",
  "value" : "45"
},{
  "dateTime" : "08/12/21 00:18:00",
  "value" : "0"
},{
  "dateTime" : "08/12/21 00:19:00",
  "value" : "0"
},{
  "dateTime" : "08/12/21 00:20:00",
  "value" : "9"
},{
  "dateTime" : "08/12/21 00:21:00",
  "value" : "0"
},{
  "dateTime" : "08/12/21 00:22:00",
  "value" : "0"
},{
  "dateTime" : "08/12/21 00:23:00",
  "value" : "0"
},{
  "dateTime" : "08/12/21 00:24:00",
  "value" : "0"
},{
  "dateTime" : "08/12/21 00:25:00",
  "value" : "0"
},{
  "dateTime" : "08/12/21 00:26:00",
  "value" : "0"
},{
  "dateTime" : "08/12/21 00:27:00",
  "value" : "24"
},{
  "dateTime" : "08/12/21 00:28:00",
  "value" : "83"
},{
  "dateTime" : "08/12/21 00:29:00",
  "value" : "1"
},{
  "dateTime" : "08/12/21 00:30:00",
  "value" : "20"
},{
  "dateTime" : "08/12/21 00:31:00",
  "value" : "0"
},{
  "dateTime" : "08/12/21 00:32:00",
  "value" : "17"
},{
  "dateTime" : "08/12/21 00:33:00",
  "value" : "32"
},{
  "dateTime" : "08/12/21 00:34:00",
  "value" : "55"
},{
  "dateTime" : "08/12/21 00:35:00",
  "value" : "0"
},{
  "dateTime" : "08/12/21 00:36:00",
  "value" : "0"
},{
  "dateTime" : "08/12/21 00:37:00",
  "value" : "12"
},{
  "dateTime" : "08/12/21 00:38:00",
  "value" : "72"
},{
  "dateTime" : "08/12/21 00:39:00",
  "value" : "75"
},{
  "dateTime" : "08/12/21 00:40:00",
  "value" : "17"
},{
  "dateTime" : "08/12/21 00:41:00",
  "value" : "12"
},{
  "dateTime" : "08/12/21 00:42:00",
  "value" : "0"
},{
  "dateTime" : "08/12/21 00:43:00",
  "value" : "0"
},{
  "dateTime" : "08/12/21 00:44:00",
  "value" : "0"
},{
  "dateTime" : "08/12/21 00:45:00",
  "value" : "0"
},{
  "dateTime" : "08/12/21 00:46:00",
  "value" : "0"
},{
  "dateTime" : "08/12/21 00:47:00",
  "value" : "34"
},{
  "dateTime" : "08/12/21 00:48:00",
  "value" : "19"
},{
  "dateTime" : "08/12/21 00:49:00",
  "value" : "24"
},{
  "dateTime" : "08/12/21 00:50:00",
  "value" : "64"
},{
  "dateTime" : "08/12/21 00:51:00",
  "value" : "39"
},{
  "dateTime" : "08/12/21 00:52:00",
  "value" : "48"
},{
  "dateTime" : "08/12/21 00:53:00",
  "value" : "95"
},{
  "dateTime" : "08/12/21 00:54:00",
  "value" : "105"
},{
  "dateTime" : "08/12/21 00:55:00",
  "value" : "62"
},{
  "dateTime" : "08/12/21 00:56:00",
  "value" : "50"
},{
  "dateTime" : "08/12/21 00:57:00",
  "value" : "0"
},{
  "dateTime" : "08/12/21 00:58:00",
  "value" : "0"
},{
  "dateTime" : "08/12/21 00:59:00",
  "value" : "0"
},{
  "dateTime" : "08/12/21 01:00:00",
  "value" : "0"
},{
  "dateTime" : "08/12/21 01:01:00",
  "value" : "9"
},{
  "dateTime" : "08/12/21 01:02:00",
  "value" : "41"
},{
  "dateTime" : "08/12/21 01:03:00",
  "value" : "25"
},{
  "dateTime" : "08/12/21 01:04:00",
  "value" : "20"
},{
  "dateTime" : "08/12/21 01:05:00",
  "value" : "75"
},{
  "dateTime" : "08/12/21 01:06:00",
  "value" : "23"
},{
  "dateTime" : "08/12/21 01:07:00",
  "value" : "35"
},{
  "dateTime" : "08/12/21 01:08:00",
  "value" : "24"
},{
  "dateTime" : "08/12/21 01:09:00",
  "value" : "49"
},{
  "dateTime" : "08/12/21 01:10:00",
  "value" : "88"
},{
  "dateTime" : "08/12/21 01:11:00",
  "value" : "37"
},{
  "dateTime" : "08/12/21 01:12:00",
  "value" : "48"
},{
  "dateTime" : "08/12/21 01:13:00",
  "value" : "64"
},{
  "dateTime" : "08/12/21 01:14:00",
  "value" : "81"
},{
  "dateTime" : "08/12/21 01:15:00",
  "value" : "27"
},{
  "dateTime" : "08/12/21 01:16:00",
  "value" : "67"
},{
  "dateTime" : "08/12/21 01:17:00",
  "value" : "64"
},{
  "dateTime" : "08/12/21 01:18:00",
  "value" : "75"
},{
  "dateTime" : "08/12/21 01:19:00",
  "value" : "37"
},{
  "dateTime" : "08/12/21 01:20:00",
  "value" : "12"
},{
  "dateTime" : "08/12/21 01:21:00",
  "value" : "10"
},{
  "dateTime" : "08/12/21 01:22:00",
  "value" : "33"
},{
  "dateTime" : "08/12/21 01:23:00",
  "value" : "46"
},{
  "dateTime" : "08/12/21 01:24:00",
  "value" : "25"
},{
  "dateTime" : "08/12/21 01:25:00",
  "value" : "57"
},{
  "dateTime" : "08/12/21 01:26:00",
  "value" : "28"
},{
  "dateTime" : "08/12/21 01:27:00",
  "value" : "18"
},{
  "dateTime" : "08/12/21 01:28:00",
  "value" : "30"
},{
  "dateTime" : "08/12/21 01:29:00",
  "value" : "5"
},{
  "dateTime" : "08/12/21 01:30:00",
  "value" : "17"
},{
  "dateTime" : "08/12/21 01:31:00",
  "value" : "23"
},{
  "dateTime" : "08/12/21 01:32:00",
  "value" : "0"
},{
  "dateTime" : "08/12/21 01:33:00",
  "value" : "10"
},{
  "dateTime" : "08/12/21 01:34:00",
  "value" : "22"
},{
  "dateTime" : "08/12/21 01:35:00",
  "value" : "7"
},{
  "dateTime" : "08/12/21 01:36:00",
  "value" : "0"
},{
  "dateTime" : "08/12/21 01:37:00",
  "value" : "0"
},{
  "dateTime" : "08/12/21 01:38:00",
  "value" : "0"
},{
  "dateTime" : "08/12/21 01:39:00",
  "value" : "0"
},{
  "dateTime" : "08/12/21 01:40:00",
  "value" : "0"
},{
  "dateTime" : "08/12/21 01:41:00",
  "value" : "0"
},{
  "dateTime" : "08/12/21 01:42:00",
  "value" : "0"
},{
  "dateTime" : "08/12/21 01:43:00",
  "value" : "0"
},{
  "dateTime" : "08/12/21 01:44:00",
  "value" : "0"
},{
  "dateTime" : "08/12/21 01:45:00",
  "value" : "0"
},{
  "dateTime" : "08/12/21 01:46:00",
  "value" : "0"
},{
  "dateTime" : "08/12/21 01:47:00",
  "value" : "22"
},{
  "dateTime" : "08/12/21 01:48:00",
  "value" : "27"
},{
  "dateTime" : "08/12/21 01:49:00",
  "value" : "9"
},{
  "dateTime" : "08/12/21 01:55:00",
  "value" : "0"
},{
  "dateTime" : "08/12/21 01:59:00",
  "value" : "10"
},{
  "dateTime" : "08/12/21 02:00:00",
  "value" : "56"
},{
  "dateTime" : "08/12/21 02:01:00",
  "value" : "4"
},{
  "dateTime" : "08/12/21 02:02:00",
  "value" : "0"
},{
  "dateTime" : "08/12/21 02:03:00",
  "value" : "25"
},{
  "dateTime" : "08/12/21 02:04:00",
  "value" : "0"
},{
  "dateTime" : "08/12/21 02:05:00",
  "value" : "24"
},{
  "dateTime" : "08/12/21 02:06:00",
  "value" : "38"
},{
  "dateTime" : "08/12/21 02:07:00",
  "value" : "38"
},{
  "dateTime" : "08/12/21 02:08:00",
  "value" : "0"
},{
  "dateTime" : "08/12/21 02:09:00",
  "value" : "0"
},{
  "dateTime" : "08/12/21 02:10:00",
  "value" : "0"
},{
  "dateTime" : "08/12/21 02:11:00",
  "value" : "0"
},{
  "dateTime" : "08/12/21 02:12:00",
  "value" : "11"
},{
  "dateTime" : "08/12/21 02:13:00",
  "value" : "15"
},{
  "dateTime" : "08/12/21 02:14:00",
  "value" : "0"
},{
  "dateTime" : "08/12/21 02:16:00",
  "value" : "0"
},{
  "dateTime" : "08/12/21 02:17:00",
  "value" : "0"
},{
  "dateTime" : "08/12/21 02:18:00",
  "value" : "59"
},{
  "dateTime" : "08/12/21 02:19:00",
  "value" : "0"
},{
  "dateTime" : "08/12/21 02:20:00",
  "value" : "22"
},{
  "dateTime" : "08/12/21 02:21:00",
  "value" : "25"
},{
  "dateTime" : "08/12/21 02:22:00",
  "value" : "0"
},{
  "dateTime" : "08/12/21 02:23:00",
  "value" : "18"
}]